genre,popularity,duration_ms,tempo,key,mode,key_confidence,energy,danceability,valence,instrumentalness,acousticness,loudness,segments_count,segments_avg_duration,beats_count,beats_regularity,Relax/Chill
j-pop,58.0,258250.0,114.84,5.0,0.0,0.59,0.39,0.5,0.5,0.74,0.93,0.15,52.0,0.52,52.0,0.94,Happy/Excited
,59.0,,126.05,4.0,1.0,0.58,0.39,0.46,0.8,0.74,0.93,0.15,60.0,0.48,60.0,0.93,Happy/Excited
pop,59.0,289845.0,92.29,0.0,1.0,0.52,0.37,0.47,0.79,0.75,0.93,0.2,41.0,0.65,41.0,0.86,Happy/Excited
pop,60.0,267514.0,136.0,3.0,1.0,0.57,0.39,0.52,0.8,0.75,0.93,0.17,64.0,0.44,64.0,0.97,Happy/Excited
,58.0,,92.29,9.0,1.0,0.59,0.4,0.38,0.79,0.74,0.93,0.13,47.0,0.65,47.0,0.94,Happy/Excited
j-pop,58.0,285459.0,103.36,2.0,1.0,0.48,0.34,0.44,0.79,0.75,0.95,0.23,50.0,0.58,50.0,0.96,Happy/Excited
j-pop,54.0,294290.0,126.05,2.0,1.0,0.53,0.37,0.45,0.8,0.74,0.96,0.14,63.0,0.48,63.0,0.98,Happy/Excited
,58.0,,123.05,1.0,0.0,0.6,0.36,0.47,0.5,0.75,0.95,0.17,51.0,0.49,51.0,0.91,Happy/Excited
,59.0,,83.35,10.0,1.0,0.63,0.36,0.42,0.78,0.74,0.96,0.19,40.0,0.72,40.0,0.9,Happy/Excited
,77.0,,74.9,2.0,1.0,0.57,0.39,0.37,0.78,0.74,0.94,0.14,36.0,0.8,36.0,0.87,Happy/Excited
soul,75.0,229328.0,156.61,7.0,1.0,0.55,0.24,0.49,0.58,0.83,0.99,0.44,74.0,0.38,74.0,0.96,Relax/Chill
,69.0,,93.96,9.0,1.0,0.52,0.32,0.43,0.77,0.77,0.96,0.3,46.0,0.64,46.0,0.88,Relax/Chill
soul,71.0,207486.0,136.0,10.0,0.0,0.54,0.38,0.5,0.5,0.75,0.93,0.18,66.0,0.44,66.0,0.94,Tired/Sad
,68.0,,97.51,1.0,0.0,0.59,0.34,0.42,0.49,0.75,0.96,0.24,48.0,0.62,48.0,0.92,Relax/Chill
,68.0,,129.2,11.0,1.0,0.48,0.28,0.47,0.8,0.78,0.96,0.37,62.0,0.46,62.0,0.94,Relax/Chill
j-pop,58.0,237923.0,72.79,8.0,0.0,0.6,0.39,0.35,0.48,0.74,0.93,0.15,35.0,0.82,35.0,0.91,Happy/Excited
soul,62.0,239607.0,103.36,2.0,1.0,0.51,0.34,0.43,0.79,0.76,0.94,0.26,50.0,0.58,50.0,0.89,Happy/Excited
,49.0,,120.19,0.0,1.0,0.64,0.34,0.46,0.79,0.76,0.95,0.27,43.0,0.5,43.0,0.93,Happy/Excited
soul,66.0,212495.0,120.19,0.0,0.0,0.65,0.37,0.47,0.5,0.74,0.95,0.19,60.0,0.5,60.0,0.92,Happy/Excited
pop,70.0,194293.0,101.33,10.0,0.0,0.61,0.35,0.44,0.49,0.75,0.95,0.25,48.0,0.59,48.0,0.94,Happy/Excited
pop,73.0,255826.0,86.13,11.0,1.0,0.5,0.35,0.42,0.77,0.74,0.96,0.19,42.0,0.7,42.0,0.92,Tired/Sad
pop,73.0,238533.0,99.38,3.0,1.0,0.56,0.36,0.37,0.79,0.75,0.94,0.22,48.0,0.6,48.0,0.93,Happy/Excited
pop,70.0,264533.0,103.36,11.0,0.0,0.51,0.33,0.43,0.49,0.77,0.96,0.28,51.0,0.58,51.0,0.83,Relax/Chill
pop,69.0,288013.0,172.27,1.0,0.0,0.6,0.35,0.5,0.49,0.73,0.97,0.17,84.0,0.35,84.0,0.95,Tired/Sad
pop,67.0,243813.0,120.19,1.0,0.0,0.63,0.34,0.49,0.49,0.76,0.96,0.23,59.0,0.5,59.0,0.96,Relax/Chill
electro,67.0,289577.0,95.7,8.0,0.0,0.58,0.36,0.44,0.49,0.74,0.94,0.24,42.0,0.63,42.0,0.96,Tired/Sad
pop,66.0,288893.0,123.05,3.0,0.0,0.55,0.33,0.48,0.49,0.75,0.96,0.24,62.0,0.49,62.0,0.96,Relax/Chill
pop,63.0,218653.0,129.2,9.0,0.0,0.61,0.35,0.47,0.5,0.75,0.95,0.19,61.0,0.46,61.0,0.93,Relax/Chill
,71.0,,161.5,3.0,0.0,0.66,0.28,0.57,0.47,0.79,0.97,0.34,62.0,0.37,62.0,0.93,Relax/Chill
,64.0,,120.19,4.0,1.0,0.66,0.29,0.52,0.79,0.79,0.96,0.36,31.0,0.5,31.0,0.91,Relax/Chill
,71.0,,136.0,4.0,1.0,0.6,0.36,0.44,0.8,0.75,0.95,0.2,66.0,0.44,66.0,0.88,Tired/Sad
,68.0,,161.5,7.0,1.0,0.61,0.35,0.46,0.81,0.74,0.95,0.22,77.0,0.37,77.0,0.94,Tired/Sad
,65.0,,103.36,6.0,0.0,0.53,0.33,0.38,0.49,0.75,0.96,0.27,49.0,0.58,49.0,0.85,Relax/Chill
,66.0,,112.35,1.0,0.0,0.62,0.35,0.4,0.49,0.75,0.96,0.21,55.0,0.53,55.0,0.87,Tired/Sad
,64.0,,112.35,7.0,1.0,0.53,0.35,0.4,0.79,0.76,0.94,0.26,55.0,0.53,55.0,0.87,Relax/Chill
,62.0,,112.35,4.0,1.0,0.54,0.32,0.4,0.79,0.76,0.96,0.3,57.0,0.53,57.0,0.86,Relax/Chill
alternative,64.0,289173.0,129.2,1.0,0.0,0.73,0.35,0.5,0.5,0.74,0.95,0.23,64.0,0.46,64.0,0.92,Relax/Chill
rock,55.0,289060.0,123.05,4.0,1.0,0.64,0.31,0.42,0.69,0.76,0.97,0.26,63.0,0.49,63.0,0.89,Relax/Chill
j-rock,70.0,259933.0,97.51,4.0,1.0,0.55,0.33,0.43,0.75,0.75,0.96,0.21,49.0,0.62,49.0,0.93,Relax/Chill
rock,68.0,211920.0,198.77,1.0,0.0,0.5,0.34,0.52,0.51,0.74,0.96,0.23,93.0,0.3,93.0,0.94,Relax/Chill
j-rock,68.0,260133.0,112.35,1.0,0.0,0.52,0.33,0.46,0.48,0.75,0.97,0.23,54.0,0.53,54.0,0.95,Relax/Chill
j-rock,68.0,271400.0,114.84,7.0,1.0,0.59,0.35,0.48,0.78,0.74,0.95,0.19,57.0,0.52,57.0,0.94,Relax/Chill
,49.0,,105.47,0.0,0.0,0.56,0.32,0.42,0.49,0.76,0.94,0.29,50.0,0.57,50.0,0.85,Relax/Chill
,58.0,,132.51,3.0,1.0,0.63,0.3,0.59,0.8,0.78,0.96,0.32,32.0,0.45,32.0,0.94,Happy/Excited
,61.0,,172.27,2.0,1.0,0.57,0.32,0.53,0.81,0.78,0.94,0.31,84.0,0.35,84.0,0.96,Angry/Frustrated
singer-songwriter,63.0,182800.0,152.0,10.0,0.0,0.5,0.32,0.48,0.47,0.75,0.96,0.24,74.0,0.39,74.0,0.91,Happy/Excited
singer-songwriter,61.0,191726.0,107.67,10.0,0.0,0.54,0.31,0.46,0.45,0.76,0.97,0.27,52.0,0.56,52.0,0.92,Happy/Excited
singer-songwriter,57.0,288567.0,89.1,10.0,0.0,0.58,0.34,0.43,0.48,0.74,0.96,0.2,40.0,0.67,40.0,0.86,Relax/Chill
singer-songwriter,46.0,305703.0,136.0,9.0,1.0,0.67,0.36,0.45,0.8,0.75,0.95,0.22,67.0,0.44,67.0,0.91,Happy/Excited
j-pop,54.0,267179.0,112.35,7.0,1.0,0.57,0.31,0.42,0.79,0.77,0.96,0.31,54.0,0.53,54.0,0.87,Happy/Excited
singer-songwriter,60.0,276600.0,136.0,7.0,1.0,0.51,0.34,0.51,0.8,0.75,0.95,0.22,65.0,0.44,65.0,0.93,Tired/Sad
,61.0,,172.27,10.0,0.0,0.52,0.37,0.48,0.51,0.74,0.93,0.21,84.0,0.35,84.0,0.97,Relax/Chill
,61.0,,139.67,6.0,0.0,0.55,0.38,0.52,0.51,0.74,0.92,0.19,65.0,0.43,65.0,0.97,Happy/Excited
,59.0,,152.0,10.0,0.0,0.59,0.34,0.51,0.5,0.75,0.96,0.26,73.0,0.39,73.0,0.97,Happy/Excited
,63.0,,129.2,0.0,0.0,0.62,0.36,0.49,0.5,0.74,0.93,0.22,60.0,0.46,60.0,0.95,Happy/Excited
,61.0,,132.51,10.0,0.0,0.52,0.35,0.49,0.5,0.75,0.94,0.26,66.0,0.45,66.0,0.94,Happy/Excited
,56.0,,114.84,8.0,0.0,0.53,0.35,0.43,0.5,0.75,0.93,0.26,56.0,0.52,56.0,0.91,Happy/Excited
,59.0,,117.45,0.0,0.0,0.59,0.32,0.46,0.49,0.76,0.96,0.29,57.0,0.51,57.0,0.9,Happy/Excited
,55.0,,129.2,9.0,0.0,0.61,0.32,0.56,0.5,0.77,0.95,0.29,34.0,0.46,34.0,0.94,Happy/Excited
,52.0,,107.67,4.0,0.0,0.61,0.35,0.47,0.49,0.74,0.95,0.21,33.0,0.56,33.0,0.92,Happy/Excited
,47.0,,123.05,0.0,1.0,0.5,0.3,0.46,0.73,0.76,0.97,0.3,58.0,0.49,58.0,0.91,Happy/Excited
,52.0,,112.35,0.0,1.0,0.48,0.32,0.4,0.75,0.76,0.96,0.26,50.0,0.53,50.0,0.91,Relax/Chill
,53.0,,97.51,9.0,0.0,0.57,0.33,0.42,0.48,0.77,0.96,0.28,48.0,0.62,48.0,0.89,Relax/Chill
,0.0,,99.38,5.0,0.0,0.49,0.36,0.41,0.49,0.75,0.94,0.15,47.0,0.6,47.0,0.84,Happy/Excited
,0.0,,136.0,8.0,0.0,0.56,0.35,0.46,0.5,0.75,0.95,0.21,66.0,0.44,66.0,0.93,Relax/Chill
j-pop,66.0,315500.0,90.67,2.0,1.0,0.47,0.35,0.4,0.75,0.74,0.97,0.17,44.0,0.66,44.0,0.93,Tired/Sad
j-pop,66.0,279300.0,101.33,9.0,1.0,0.48,0.32,0.45,0.7,0.76,0.96,0.24,48.0,0.59,48.0,0.89,Relax/Chill
j-pop,62.0,285426.0,105.47,0.0,1.0,0.59,0.33,0.46,0.77,0.75,0.96,0.26,52.0,0.57,52.0,0.93,Tired/Sad
j-pop,59.0,238640.0,136.0,4.0,1.0,0.63,0.34,0.48,0.8,0.75,0.96,0.23,65.0,0.44,65.0,0.92,Relax/Chill
pop,58.0,264886.0,143.55,2.0,1.0,0.48,0.32,0.55,0.8,0.77,0.96,0.26,35.0,0.42,35.0,0.93,Relax/Chill
j-pop,51.0,267966.0,139.67,6.0,1.0,0.54,0.36,0.47,0.8,0.75,0.95,0.19,67.0,0.43,67.0,0.93,Relax/Chill
pop,55.0,280700.0,152.0,6.0,1.0,0.54,0.34,0.5,0.78,0.75,0.96,0.21,73.0,0.39,73.0,0.94,Relax/Chill
rock,64.0,263600.0,161.5,1.0,0.0,0.6,0.36,0.45,0.5,0.74,0.96,0.18,77.0,0.37,77.0,0.92,Relax/Chill
rock,58.0,265332.0,156.61,4.0,1.0,0.67,0.34,0.44,0.81,0.76,0.94,0.3,74.0,0.38,74.0,0.96,Relax/Chill
j-rock,34.0,282656.0,120.19,9.0,1.0,0.68,0.33,0.45,0.79,0.75,0.96,0.24,59.0,0.5,59.0,0.94,Relax/Chill
j-rock,54.0,209973.0,99.38,6.0,0.0,0.58,0.38,0.35,0.49,0.73,0.95,0.12,49.0,0.6,49.0,0.91,Happy/Excited
,54.0,,129.2,0.0,0.0,0.55,0.38,0.42,0.5,0.74,0.91,0.2,63.0,0.46,63.0,0.96,Relax/Chill
,51.0,,129.2,3.0,0.0,0.66,0.4,0.5,0.51,0.76,0.91,0.16,63.0,0.46,63.0,0.95,Relax/Chill
,52.0,,129.2,11.0,1.0,0.55,0.33,0.5,0.8,0.75,0.94,0.31,62.0,0.46,62.0,0.97,Relax/Chill
,43.0,,191.41,9.0,1.0,0.54,0.32,0.51,0.81,0.76,0.95,0.33,89.0,0.31,89.0,0.96,Happy/Excited
j-idol,46.0,211746.0,136.0,7.0,1.0,0.66,0.35,0.52,0.81,0.75,0.92,0.29,64.0,0.44,64.0,0.98,Happy/Excited
pop,51.0,221760.0,129.2,1.0,1.0,0.62,0.37,0.46,0.8,0.74,0.92,0.24,63.0,0.46,63.0,0.96,Relax/Chill
edm,87.0,176658.0,126.05,6.0,0.0,0.6,0.33,0.44,0.49,0.75,0.96,0.26,62.0,0.48,62.0,0.91,Relax/Chill
,61.0,,129.2,6.0,0.0,0.47,0.31,0.49,0.5,0.77,0.95,0.31,58.0,0.46,58.0,0.96,Relax/Chill
,69.0,,172.27,8.0,0.0,0.5,0.36,0.62,0.51,0.74,0.95,0.18,41.0,0.35,41.0,0.94,Happy/Excited
,68.0,,178.21,3.0,1.0,0.58,0.36,0.54,0.81,0.75,0.93,0.22,81.0,0.34,81.0,0.95,Relax/Chill
,63.0,,90.67,9.0,1.0,0.61,0.37,0.38,0.78,0.72,0.96,0.17,44.0,0.66,44.0,0.93,Relax/Chill
,64.0,,126.05,5.0,0.0,0.59,0.35,0.45,0.5,0.74,0.93,0.26,51.0,0.48,51.0,0.96,Relax/Chill
,64.0,,95.7,1.0,0.0,0.66,0.38,0.35,0.49,0.73,0.95,0.14,48.0,0.63,48.0,0.86,Angry/Frustrated
,62.0,,84.72,3.0,0.0,0.66,0.36,0.38,0.48,0.73,0.96,0.16,40.0,0.71,40.0,0.91,Happy/Excited
,57.0,,126.05,3.0,0.0,0.6,0.38,0.46,0.5,0.73,0.94,0.13,63.0,0.48,63.0,0.9,Happy/Excited
,56.0,,166.71,10.0,1.0,0.55,0.39,0.44,0.81,0.74,0.94,0.15,82.0,0.36,82.0,0.96,Relax/Chill
,56.0,,97.51,5.0,1.0,0.61,0.39,0.4,0.79,0.73,0.93,0.16,47.0,0.62,47.0,0.9,Happy/Excited
,64.0,,105.47,10.0,0.0,0.52,0.31,0.53,0.49,0.77,0.95,0.3,20.0,0.57,20.0,0.86,Happy/Excited
,56.0,,120.19,2.0,1.0,0.5,0.34,0.45,0.79,0.76,0.95,0.27,56.0,0.5,56.0,0.92,Relax/Chill
,70.0,,129.2,9.0,1.0,0.6,0.35,0.57,0.8,0.75,0.94,0.22,33.0,0.46,33.0,0.92,Relax/Chill
,67.0,,129.2,9.0,1.0,0.6,0.37,0.51,0.8,0.72,0.94,0.12,33.0,0.46,33.0,0.89,Relax/Chill
,67.0,,89.1,11.0,1.0,0.56,0.38,0.41,0.79,0.73,0.94,0.13,42.0,0.67,42.0,0.91,Happy/Excited
,47.0,,129.2,2.0,1.0,0.5,0.37,0.62,0.8,0.74,0.93,0.2,20.0,0.46,20.0,0.89,Happy/Excited
,40.0,,99.38,8.0,0.0,0.52,0.36,0.43,0.49,0.75,0.94,0.22,46.0,0.6,46.0,0.92,Happy/Excited
,48.0,,147.66,2.0,0.0,0.65,0.38,0.5,0.51,0.74,0.93,0.16,63.0,0.41,63.0,0.92,Happy/Excited
j-rock,45.0,,156.61,7.0,1.0,0.67,0.35,0.43,0.8,0.75,0.95,0.21,77.0,0.38,77.0,0.96,Relax/Chill
,35.0,,97.51,7.0,1.0,0.56,0.35,0.39,0.78,0.74,0.96,0.21,46.0,0.62,46.0,0.92,Happy/Excited
j-rock,45.0,255218.0,147.66,9.0,1.0,0.56,0.32,0.49,0.75,0.75,0.98,0.25,72.0,0.41,72.0,0.93,Happy/Excited
,41.0,,143.55,4.0,1.0,0.6,0.35,0.48,0.8,0.73,0.95,0.22,68.0,0.42,68.0,0.95,Happy/Excited
,44.0,,152.0,8.0,0.0,0.53,0.37,0.44,0.51,0.74,0.94,0.19,71.0,0.39,71.0,0.94,Relax/Chill
,50.0,,95.7,9.0,1.0,0.48,0.35,0.48,0.79,0.76,0.93,0.26,1.0,0.63,1.0,0.0,Relax/Chill
,52.0,,129.2,7.0,1.0,0.52,0.37,0.47,0.8,0.73,0.95,0.2,63.0,0.46,63.0,0.94,Happy/Excited
,51.0,,143.55,9.0,0.0,0.72,0.37,0.51,0.5,0.73,0.94,0.2,67.0,0.42,67.0,0.93,Happy/Excited
,43.0,,87.59,3.0,0.0,0.62,0.38,0.38,0.48,0.73,0.94,0.16,41.0,0.68,41.0,0.9,Happy/Excited
,41.0,,99.38,8.0,0.0,0.6,0.4,0.39,0.49,0.74,0.93,0.13,48.0,0.6,48.0,0.9,Happy/Excited
,37.0,,95.7,9.0,1.0,0.59,0.37,0.45,0.79,0.76,0.95,0.19,32.0,0.63,32.0,0.87,Happy/Excited
,42.0,,126.05,11.0,1.0,0.62,0.36,0.46,0.8,0.73,0.96,0.18,61.0,0.48,61.0,0.95,Happy/Excited
,38.0,,107.67,8.0,1.0,0.53,0.36,0.47,0.79,0.75,0.96,0.18,33.0,0.56,33.0,0.9,Happy/Excited
,32.0,,99.38,4.0,1.0,0.58,0.34,0.38,0.78,0.74,0.96,0.2,47.0,0.6,47.0,0.84,Happy/Excited
,27.0,,105.47,10.0,0.0,0.63,0.35,0.53,0.49,0.76,0.95,0.19,7.0,0.57,7.0,0.8,Happy/Excited
,27.0,,129.2,10.0,1.0,0.61,0.4,0.41,0.8,0.73,0.93,0.09,64.0,0.46,64.0,0.93,Happy/Excited
,46.0,,126.05,3.0,1.0,0.66,0.36,0.43,0.8,0.75,0.94,0.19,60.0,0.48,60.0,0.95,Happy/Excited
,65.0,,87.59,4.0,1.0,0.49,0.36,0.45,0.78,0.74,0.95,0.2,32.0,0.68,32.0,0.89,Happy/Excited
,59.0,,87.59,11.0,1.0,0.49,0.34,0.44,0.78,0.75,0.96,0.23,32.0,0.68,32.0,0.9,Relax/Chill
,51.0,,92.29,0.0,1.0,0.49,0.34,0.48,0.78,0.75,0.96,0.21,32.0,0.65,32.0,0.93,Relax/Chill
,51.0,,87.59,9.0,1.0,0.59,0.35,0.41,0.78,0.75,0.96,0.21,32.0,0.68,32.0,0.93,Relax/Chill
,50.0,,112.35,2.0,1.0,0.63,0.33,0.54,0.77,0.74,0.97,0.21,33.0,0.53,33.0,0.87,Relax/Chill
,48.0,,90.67,9.0,1.0,0.56,0.33,0.48,0.78,0.75,0.96,0.24,30.0,0.66,30.0,0.89,Happy/Excited
,32.0,,92.29,0.0,1.0,0.63,0.36,0.47,0.79,0.74,0.95,0.18,33.0,0.65,33.0,0.9,Relax/Chill
,32.0,,97.51,4.0,0.0,0.48,0.36,0.45,0.49,0.74,0.95,0.18,30.0,0.62,30.0,0.91,Relax/Chill
,32.0,,117.45,4.0,1.0,0.52,0.36,0.53,0.79,0.74,0.94,0.17,22.0,0.51,22.0,0.95,Happy/Excited
,39.0,,143.55,5.0,1.0,0.58,0.37,0.47,0.8,0.72,0.95,0.16,70.0,0.42,70.0,0.95,Relax/Chill
metal,49.0,175386.0,105.47,9.0,1.0,0.66,0.37,0.37,0.79,0.74,0.94,0.21,52.0,0.57,52.0,0.91,Relax/Chill
metal,45.0,228120.0,84.72,0.0,0.0,0.59,0.38,0.38,0.48,0.73,0.94,0.16,38.0,0.71,38.0,0.92,Happy/Excited
,34.0,,178.21,5.0,0.0,0.57,0.37,0.49,0.51,0.72,0.94,0.18,87.0,0.34,87.0,0.96,Angry/Frustrated
rock,53.0,207000.0,97.51,11.0,1.0,0.63,0.38,0.37,0.79,0.74,0.94,0.16,47.0,0.62,47.0,0.9,Happy/Excited
j-rock,48.0,,143.55,4.0,1.0,0.57,0.36,0.48,0.8,0.74,0.95,0.19,68.0,0.42,68.0,0.9,Happy/Excited
j-rock,46.0,,99.38,8.0,0.0,0.58,0.4,0.42,0.49,0.73,0.93,0.12,47.0,0.6,47.0,0.93,Happy/Excited
,37.0,,112.35,3.0,0.0,0.55,0.38,0.46,0.49,0.74,0.95,0.14,47.0,0.53,47.0,0.96,Relax/Chill
,37.0,,79.51,4.0,1.0,0.66,0.39,0.36,0.78,0.73,0.94,0.12,40.0,0.75,40.0,0.88,Happy/Excited
j-rock,47.0,178520.0,109.96,8.0,0.0,0.59,0.41,0.41,0.5,0.73,0.92,0.06,50.0,0.55,50.0,0.87,Happy/Excited
j-rock,45.0,151253.0,107.67,9.0,0.0,0.66,0.4,0.36,0.49,0.73,0.94,0.12,52.0,0.56,52.0,0.95,Happy/Excited
j-rock,46.0,160306.0,99.38,1.0,0.0,0.67,0.38,0.38,0.49,0.73,0.95,0.14,47.0,0.6,47.0,0.91,Happy/Excited
rock,52.0,177746.0,139.67,7.0,1.0,0.59,0.34,0.49,0.8,0.76,0.95,0.24,62.0,0.43,62.0,0.94,Happy/Excited
,51.0,,99.38,10.0,0.0,0.56,0.3,0.46,0.39,0.77,0.98,0.25,48.0,0.6,48.0,0.92,Happy/Excited
rock,52.0,182726.0,129.2,6.0,1.0,0.58,0.33,0.43,0.8,0.77,0.95,0.29,64.0,0.46,64.0,0.94,Happy/Excited
j-rock,49.0,153946.0,139.67,2.0,1.0,0.58,0.36,0.44,0.8,0.75,0.96,0.2,69.0,0.43,69.0,0.9,Relax/Chill
rock,52.0,195293.0,123.05,11.0,1.0,0.58,0.32,0.43,0.8,0.76,0.95,0.28,61.0,0.49,61.0,0.94,Happy/Excited
,45.0,,87.59,6.0,1.0,0.68,0.3,0.43,0.78,0.78,0.96,0.32,43.0,0.68,43.0,0.91,Happy/Excited
j-rock,46.0,168093.0,79.51,6.0,1.0,0.58,0.35,0.36,0.78,0.75,0.95,0.23,40.0,0.75,40.0,0.89,Relax/Chill
,46.0,,152.0,11.0,1.0,0.54,0.32,0.48,0.8,0.77,0.95,0.29,70.0,0.39,70.0,0.92,Tired/Sad
,40.0,,136.0,4.0,0.0,0.51,0.34,0.59,0.5,0.77,0.94,0.24,30.0,0.44,30.0,0.86,Happy/Excited
,13.0,,129.2,8.0,0.0,0.51,0.34,0.45,0.47,0.74,0.96,0.18,61.0,0.46,61.0,0.91,Relax/Chill
,8.0,,95.7,8.0,0.0,0.46,0.24,0.44,0.33,0.81,0.98,0.38,43.0,0.63,43.0,0.85,Relax/Chill
,30.0,,161.5,9.0,1.0,0.48,0.33,0.43,0.8,0.76,0.96,0.28,79.0,0.37,79.0,0.94,Relax/Chill
,37.0,,112.35,4.0,1.0,0.44,0.33,0.44,0.79,0.76,0.95,0.25,52.0,0.53,52.0,0.91,Relax/Chill
,26.0,,103.36,11.0,1.0,0.48,0.28,0.41,0.75,0.76,0.97,0.3,50.0,0.58,50.0,0.87,Happy/Excited
dance,82.0,212733.0,123.05,3.0,1.0,0.53,0.31,0.43,0.79,0.77,0.96,0.31,61.0,0.49,61.0,0.92,Relax/Chill
dance,79.0,227833.0,120.19,11.0,1.0,0.58,0.3,0.42,0.79,0.78,0.95,0.34,60.0,0.5,60.0,0.95,Relax/Chill
dance,81.0,251173.0,136.0,9.0,1.0,0.45,0.35,0.46,0.8,0.74,0.94,0.21,63.0,0.44,63.0,0.93,Happy/Excited
dance,76.0,222706.0,105.47,1.0,1.0,0.56,0.31,0.45,0.79,0.77,0.95,0.29,48.0,0.57,48.0,0.93,Happy/Excited
,46.0,,136.0,9.0,1.0,0.57,0.35,0.45,0.8,0.75,0.95,0.21,62.0,0.44,62.0,0.9,Relax/Chill
,46.0,,136.0,9.0,1.0,0.57,0.35,0.45,0.8,0.75,0.95,0.21,62.0,0.44,62.0,0.9,Happy/Excited
,45.0,,172.27,9.0,1.0,0.57,0.34,0.45,0.81,0.75,0.95,0.24,83.0,0.35,83.0,0.91,Happy/Excited
,43.0,,123.05,1.0,0.0,0.54,0.32,0.56,0.49,0.77,0.96,0.29,19.0,0.49,19.0,0.93,Relax/Chill
,41.0,,117.45,8.0,0.0,0.62,0.31,0.42,0.49,0.77,0.95,0.34,58.0,0.51,58.0,0.87,Relax/Chill
,37.0,,129.2,9.0,1.0,0.54,0.32,0.43,0.79,0.76,0.96,0.31,61.0,0.46,61.0,0.92,Relax/Chill
,70.0,,126.05,10.0,1.0,0.58,0.32,0.56,0.8,0.76,0.95,0.29,25.0,0.48,25.0,0.94,Happy/Excited
,65.0,,161.5,4.0,1.0,0.63,0.33,0.49,0.81,0.75,0.95,0.28,80.0,0.37,80.0,0.89,Happy/Excited
,63.0,,92.29,9.0,1.0,0.51,0.31,0.43,0.78,0.75,0.96,0.28,44.0,0.65,44.0,0.9,Relax/Chill
pop,80.0,214973.0,132.51,8.0,0.0,0.57,0.35,0.47,0.5,0.73,0.95,0.21,64.0,0.45,64.0,0.93,Happy/Excited
pop,74.0,238143.0,147.66,9.0,1.0,0.54,0.33,0.48,0.8,0.75,0.96,0.24,70.0,0.41,70.0,0.97,Relax/Chill
pop,73.0,221573.0,92.29,9.0,1.0,0.54,0.33,0.44,0.78,0.76,0.95,0.24,45.0,0.65,45.0,0.93,Happy/Excited
,70.0,,97.51,2.0,1.0,0.52,0.31,0.46,0.78,0.77,0.96,0.31,31.0,0.62,31.0,0.94,Happy/Excited
k-pop,64.0,174933.0,120.19,11.0,1.0,0.56,0.35,0.43,0.8,0.74,0.95,0.21,53.0,0.5,53.0,0.84,Relax/Chill
k-pop,67.0,240440.0,172.27,10.0,0.0,0.55,0.36,0.61,0.51,0.74,0.93,0.2,43.0,0.35,43.0,0.96,Relax/Chill
pop,76.0,198971.0,139.67,5.0,1.0,0.5,0.36,0.48,0.8,0.75,0.94,0.19,67.0,0.43,67.0,0.94,Happy/Excited
pop,73.0,242912.0,123.05,4.0,1.0,0.66,0.34,0.44,0.78,0.75,0.96,0.24,61.0,0.49,61.0,0.9,Happy/Excited
pop,71.0,290289.0,126.05,0.0,0.0,0.58,0.36,0.46,0.5,0.75,0.94,0.21,59.0,0.48,59.0,0.92,Happy/Excited
pop,70.0,242182.0,90.67,9.0,1.0,0.55,0.32,0.38,0.78,0.76,0.97,0.28,45.0,0.66,45.0,0.88,Tired/Sad
pop,68.0,241226.0,90.67,4.0,1.0,0.65,0.34,0.45,0.76,0.74,0.96,0.23,42.0,0.66,42.0,0.96,Relax/Chill
pop,67.0,222813.0,84.72,3.0,0.0,0.5,0.36,0.4,0.48,0.74,0.96,0.18,42.0,0.71,42.0,0.87,Relax/Chill
j-pop,42.0,248452.0,105.47,6.0,0.0,0.53,0.37,0.36,0.49,0.75,0.94,0.2,52.0,0.57,52.0,0.91,Relax/Chill
pop,75.0,270705.0,103.36,9.0,1.0,0.5,0.3,0.38,0.79,0.79,0.95,0.31,51.0,0.58,51.0,0.92,Happy/Excited
j-dance,46.0,246133.0,129.2,3.0,0.0,0.67,0.33,0.53,0.5,0.76,0.96,0.29,52.0,0.46,52.0,0.96,Relax/Chill
,64.0,,161.5,9.0,1.0,0.76,0.35,0.44,0.8,0.74,0.97,0.2,80.0,0.37,80.0,0.94,Relax/Chill
rock,59.0,278373.0,117.45,6.0,0.0,0.55,0.38,0.39,0.49,0.74,0.95,0.17,58.0,0.51,58.0,0.91,Relax/Chill
rock,52.0,246800.0,184.57,10.0,0.0,0.58,0.38,0.6,0.51,0.74,0.93,0.19,45.0,0.33,45.0,0.95,Tired/Sad
j-rock,55.0,308386.0,78.3,7.0,1.0,0.55,0.37,0.4,0.78,0.73,0.94,0.19,38.0,0.77,38.0,0.95,Happy/Excited
j-rock,55.0,264200.0,90.67,10.0,1.0,0.67,0.37,0.39,0.79,0.73,0.93,0.19,45.0,0.66,45.0,0.89,Relax/Chill
rock,60.0,253413.0,103.36,7.0,0.0,0.55,0.38,0.41,0.49,0.73,0.95,0.15,52.0,0.58,52.0,0.89,Tired/Sad
j-rock,52.0,237360.0,117.45,6.0,1.0,0.59,0.38,0.4,0.8,0.72,0.93,0.15,57.0,0.51,57.0,0.89,Happy/Excited
,54.0,,147.66,2.0,1.0,0.67,0.4,0.42,0.8,0.73,0.94,0.1,72.0,0.41,72.0,0.93,Happy/Excited
,53.0,,84.72,3.0,0.0,0.61,0.38,0.35,0.48,0.75,0.94,0.16,42.0,0.71,42.0,0.88,Happy/Excited
,41.0,,82.03,7.0,1.0,0.56,0.38,0.45,0.78,0.73,0.95,0.17,32.0,0.73,32.0,0.88,Happy/Excited
,42.0,,90.67,4.0,1.0,0.59,0.37,0.48,0.78,0.74,0.96,0.17,20.0,0.66,20.0,0.92,Happy/Excited
,55.0,,114.84,2.0,1.0,0.64,0.36,0.39,0.79,0.74,0.95,0.19,55.0,0.52,55.0,0.91,Relax/Chill
,47.0,,166.71,8.0,1.0,0.55,0.37,0.44,0.81,0.74,0.94,0.2,80.0,0.36,80.0,0.94,Happy/Excited
,47.0,,114.84,7.0,0.0,0.49,0.34,0.43,0.5,0.75,0.93,0.23,54.0,0.52,54.0,0.89,Happy/Excited
pop,74.0,231882.0,117.45,6.0,1.0,0.61,0.35,0.48,0.8,0.76,0.94,0.26,56.0,0.51,56.0,0.96,Happy/Excited
,68.0,,161.5,4.0,1.0,0.56,0.31,0.49,0.8,0.77,0.96,0.33,78.0,0.37,78.0,0.95,Happy/Excited
,49.0,,123.05,3.0,0.0,0.57,0.38,0.41,0.5,0.74,0.94,0.18,58.0,0.49,58.0,0.89,Relax/Chill
garage,62.0,203733.0,166.71,4.0,1.0,0.56,0.36,0.49,0.81,0.74,0.95,0.17,80.0,0.36,80.0,0.95,Relax/Chill
garage,52.0,229840.0,84.72,9.0,0.0,0.67,0.3,0.45,0.4,0.78,0.97,0.31,42.0,0.71,42.0,0.9,Happy/Excited
r&b,36.0,183640.0,136.0,1.0,0.0,0.53,0.38,0.46,0.5,0.74,0.93,0.16,66.0,0.44,66.0,0.93,Happy/Excited
garage,17.0,,161.5,9.0,1.0,0.58,0.36,0.47,0.8,0.74,0.97,0.16,74.0,0.37,74.0,0.91,Relax/Chill
garage,16.0,,90.67,8.0,1.0,0.56,0.39,0.38,0.79,0.74,0.94,0.15,43.0,0.66,43.0,0.87,Happy/Excited
garage,37.0,147853.0,112.35,10.0,1.0,0.66,0.33,0.45,0.79,0.76,0.95,0.23,55.0,0.53,55.0,0.95,Happy/Excited
,13.0,,172.27,4.0,1.0,0.64,0.29,0.5,0.69,0.79,0.97,0.35,83.0,0.35,83.0,0.94,Happy/Excited
,2.0,,129.2,4.0,1.0,0.68,0.31,0.42,0.73,0.77,0.96,0.31,64.0,0.46,64.0,0.89,Relax/Chill
,2.0,,161.5,6.0,1.0,0.68,0.34,0.5,0.78,0.76,0.96,0.21,73.0,0.37,73.0,0.91,Tired/Sad
garage,55.0,182386.0,109.96,2.0,1.0,0.55,0.34,0.43,0.77,0.76,0.95,0.24,55.0,0.55,55.0,0.92,Tired/Sad
,2.0,,129.2,9.0,0.0,0.61,0.34,0.47,0.5,0.76,0.96,0.26,61.0,0.46,61.0,0.88,Tired/Sad
,4.0,,152.0,1.0,1.0,0.6,0.35,0.43,0.8,0.75,0.96,0.25,72.0,0.39,72.0,0.9,Relax/Chill
punk-rock,59.0,182493.0,143.55,0.0,0.0,0.66,0.37,0.6,0.5,0.74,0.96,0.12,1.0,0.42,1.0,0.0,Tired/Sad
indie pop,51.0,,117.45,3.0,0.0,0.7,0.34,0.41,0.49,0.76,0.96,0.19,57.0,0.51,57.0,0.93,Tired/Sad
pop,48.0,151960.0,117.45,1.0,0.0,0.8,0.39,0.58,0.5,0.75,0.92,0.13,28.0,0.51,28.0,0.94,Relax/Chill
indie pop,46.0,,139.67,8.0,1.0,0.74,0.38,0.49,0.8,0.75,0.94,0.12,63.0,0.43,63.0,0.97,Relax/Chill
indie pop,46.0,217312.0,126.05,3.0,0.0,0.73,0.35,0.48,0.5,0.75,0.95,0.19,60.0,0.48,60.0,0.92,Relax/Chill
indie pop,44.0,329978.0,107.67,4.0,1.0,0.61,0.36,0.44,0.79,0.74,0.94,0.19,53.0,0.56,53.0,0.89,Happy/Excited
indie pop,42.0,154566.0,103.36,4.0,1.0,0.67,0.36,0.44,0.79,0.74,0.93,0.19,52.0,0.58,52.0,0.9,Relax/Chill
indie pop,37.0,164284.0,92.29,1.0,0.0,0.63,0.32,0.43,0.48,0.74,0.95,0.22,47.0,0.65,47.0,0.93,Relax/Chill
indie pop,37.0,233746.0,112.35,5.0,0.0,0.8,0.39,0.44,0.49,0.74,0.94,0.08,54.0,0.53,54.0,0.97,Tired/Sad
indie pop,31.0,178920.0,123.05,10.0,1.0,0.76,0.39,0.38,0.79,0.73,0.96,0.05,62.0,0.49,62.0,0.9,Relax/Chill
indie pop,27.0,170320.0,123.05,4.0,1.0,0.71,0.36,0.39,0.79,0.74,0.97,0.15,61.0,0.49,61.0,0.92,Happy/Excited
indie pop,26.0,151346.0,136.0,9.0,1.0,0.8,0.43,0.41,0.81,0.71,0.91,0.0,65.0,0.44,65.0,0.88,Happy/Excited
indie pop,27.0,305136.0,101.33,1.0,0.0,0.8,0.38,0.45,0.46,0.75,0.94,0.12,48.0,0.59,48.0,0.97,Relax/Chill
indie pop,37.0,198400.0,112.35,4.0,1.0,0.72,0.36,0.42,0.79,0.75,0.93,0.23,56.0,0.53,56.0,0.89,Happy/Excited
indie pop,21.0,143830.0,136.0,3.0,0.0,0.8,0.4,0.49,0.5,0.73,0.94,0.03,66.0,0.44,66.0,0.95,Tired/Sad
trip-hop,45.0,235000.0,117.45,1.0,0.0,0.74,0.27,0.43,0.3,0.79,0.98,0.32,60.0,0.51,60.0,0.88,Tired/Sad
indie pop,33.0,168973.0,123.05,0.0,0.0,0.65,0.21,0.46,0.29,0.84,0.98,0.58,60.0,0.49,60.0,0.89,Happy/Excited
indie pop,41.0,215293.0,117.45,9.0,0.0,0.63,0.27,0.37,0.31,0.78,0.97,0.32,57.0,0.51,57.0,0.89,Relax/Chill
indie pop,37.0,223920.0,152.0,4.0,1.0,0.63,0.29,0.52,0.65,0.77,0.98,0.31,71.0,0.39,71.0,0.94,Relax/Chill
indie pop,41.0,255400.0,74.9,9.0,0.0,0.67,0.29,0.42,0.34,0.78,0.98,0.33,34.0,0.8,34.0,0.91,Relax/Chill
trip-hop,37.0,248426.0,93.96,9.0,1.0,0.71,0.28,0.48,0.65,0.79,0.97,0.38,27.0,0.64,27.0,0.87,Relax/Chill
trip-hop,39.0,408426.0,161.5,9.0,1.0,0.72,0.28,0.46,0.64,0.79,0.97,0.34,75.0,0.37,75.0,0.92,Relax/Chill
indie pop,37.0,266466.0,129.2,1.0,0.0,0.49,0.23,0.43,0.3,0.81,0.98,0.44,64.0,0.46,64.0,0.89,Tired/Sad
trip-hop,52.0,220400.0,123.05,11.0,1.0,0.58,0.34,0.48,0.69,0.75,0.96,0.18,57.0,0.49,57.0,0.89,Tired/Sad
trip-hop,48.0,278466.0,103.36,9.0,0.0,0.43,0.25,0.42,0.37,0.8,0.97,0.45,50.0,0.58,50.0,0.87,Tired/Sad
,61.0,,92.29,10.0,0.0,0.54,0.3,0.41,0.48,0.72,0.95,0.32,43.0,0.65,43.0,0.81,Relax/Chill
alt-rock,30.0,,152.0,2.0,1.0,0.62,0.35,0.47,0.74,0.74,0.96,0.18,71.0,0.39,71.0,0.93,Relax/Chill
alt-rock,28.0,,136.0,7.0,1.0,0.74,0.31,0.49,0.72,0.76,0.96,0.3,66.0,0.44,66.0,0.94,Relax/Chill
alt-rock,38.0,426773.0,129.2,9.0,1.0,0.6,0.33,0.45,0.77,0.77,0.95,0.22,62.0,0.46,62.0,0.91,Happy/Excited
pop,53.0,295813.0,77.13,3.0,0.0,0.69,0.33,0.44,0.39,0.74,0.97,0.19,17.0,0.78,17.0,0.8,Relax/Chill
trance,58.0,555704.0,92.29,3.0,0.0,0.82,0.32,0.47,0.49,0.77,0.94,0.35,44.0,0.65,44.0,0.95,Relax/Chill
trance,51.0,607552.0,143.55,2.0,1.0,0.87,0.27,0.54,0.78,0.8,0.95,0.42,60.0,0.42,60.0,0.98,Relax/Chill
trance,55.0,460869.0,92.29,11.0,1.0,0.63,0.35,0.34,0.79,0.73,0.94,0.15,45.0,0.65,45.0,0.87,Happy/Excited
techno,50.0,504347.0,92.29,1.0,1.0,0.84,0.3,0.47,0.78,0.78,0.95,0.38,41.0,0.65,41.0,0.91,Happy/Excited
trance,49.0,584347.0,92.29,7.0,0.0,0.72,0.29,0.44,0.48,0.79,0.96,0.37,40.0,0.65,40.0,0.97,Happy/Excited
trance,43.0,523478.0,109.96,3.0,0.0,0.79,0.33,0.47,0.49,0.76,0.94,0.32,49.0,0.55,49.0,0.85,Happy/Excited
trance,42.0,781623.0,120.19,8.0,1.0,0.76,0.32,0.43,0.8,0.78,0.94,0.35,54.0,0.5,54.0,0.96,Happy/Excited
trance,42.0,488823.0,136.0,5.0,1.0,0.88,0.31,0.48,0.8,0.78,0.93,0.37,65.0,0.44,65.0,0.95,Happy/Excited
trance,35.0,517714.0,139.67,1.0,0.0,0.8,0.32,0.6,0.5,0.77,0.94,0.37,32.0,0.43,32.0,0.98,Relax/Chill
trance,48.0,493714.0,112.35,3.0,1.0,0.73,0.37,0.4,0.8,0.76,0.93,0.22,51.0,0.53,51.0,0.9,Happy/Excited
trance,48.0,518260.0,139.67,4.0,0.0,0.81,0.29,0.51,0.5,0.78,0.95,0.38,66.0,0.43,66.0,0.95,Happy/Excited
trance,47.0,528000.0,143.55,3.0,0.0,0.74,0.34,0.54,0.5,0.76,0.94,0.29,56.0,0.42,56.0,0.96,Relax/Chill
,4.0,,114.84,2.0,1.0,0.77,0.26,0.49,0.66,0.8,0.98,0.4,29.0,0.52,29.0,0.96,Happy/Excited
,6.0,,123.05,2.0,1.0,0.86,0.3,0.42,0.79,0.78,0.97,0.35,59.0,0.49,59.0,0.88,Happy/Excited
,5.0,,117.45,9.0,1.0,0.74,0.23,0.45,0.6,0.84,0.97,0.49,57.0,0.51,57.0,0.95,Relax/Chill
,14.0,,123.05,2.0,1.0,0.84,0.29,0.47,0.7,0.77,0.96,0.38,59.0,0.49,59.0,0.97,Relax/Chill
,34.0,,99.38,3.0,0.0,0.6,0.33,0.41,0.43,0.75,0.96,0.21,48.0,0.6,48.0,0.94,Relax/Chill
,26.0,,132.51,11.0,1.0,0.45,0.36,0.41,0.8,0.75,0.93,0.23,65.0,0.45,65.0,0.93,Relax/Chill
,12.0,,117.45,2.0,1.0,0.83,0.27,0.46,0.68,0.78,0.96,0.37,54.0,0.51,54.0,0.9,Relax/Chill
metal,31.0,177493.0,117.45,2.0,1.0,0.49,0.33,0.46,0.79,0.76,0.95,0.27,59.0,0.51,59.0,0.92,Relax/Chill
,22.0,,123.05,5.0,0.0,0.62,0.29,0.41,0.36,0.78,0.97,0.29,61.0,0.49,61.0,0.88,Relax/Chill
,8.0,,161.5,2.0,1.0,0.7,0.31,0.45,0.75,0.77,0.97,0.28,76.0,0.37,76.0,0.95,Relax/Chill
,17.0,,129.2,7.0,1.0,0.68,0.28,0.42,0.71,0.78,0.98,0.3,63.0,0.46,63.0,0.9,Relax/Chill
,22.0,,136.0,3.0,1.0,0.6,0.32,0.43,0.8,0.74,0.96,0.22,64.0,0.44,64.0,0.9,Relax/Chill
r&b,19.0,293826.0,161.5,6.0,0.0,0.88,0.24,0.5,0.3,0.8,0.99,0.41,77.0,0.37,77.0,0.95,Relax/Chill
,9.0,,92.29,3.0,1.0,0.63,0.29,0.39,0.78,0.76,0.98,0.32,44.0,0.65,44.0,0.95,Relax/Chill
indie pop,38.0,276600.0,152.0,10.0,0.0,0.61,0.31,0.62,0.4,0.79,0.96,0.29,38.0,0.39,38.0,0.96,Relax/Chill
pop,49.0,307666.0,143.55,11.0,1.0,0.61,0.34,0.43,0.77,0.75,0.95,0.25,70.0,0.42,70.0,0.96,Relax/Chill
indie pop,33.0,373200.0,97.51,5.0,0.0,0.6,0.34,0.4,0.46,0.74,0.95,0.21,46.0,0.62,46.0,0.94,Tired/Sad
indie pop,32.0,230200.0,143.55,11.0,1.0,0.57,0.36,0.52,0.81,0.74,0.93,0.19,69.0,0.42,69.0,0.96,Tired/Sad
indie pop,41.0,201826.0,109.96,5.0,1.0,0.58,0.32,0.46,0.77,0.76,0.96,0.29,52.0,0.55,52.0,0.94,Tired/Sad
pop,48.0,289333.0,166.71,8.0,0.0,0.71,0.32,0.5,0.47,0.76,0.96,0.28,81.0,0.36,81.0,0.96,Tired/Sad
,59.0,157000.0,143.55,3.0,1.0,0.5,0.32,0.49,0.78,0.76,0.97,0.29,66.0,0.42,66.0,0.95,Tired/Sad
,51.0,,117.45,3.0,0.0,0.68,0.22,0.56,0.26,0.84,0.96,0.59,26.0,0.51,26.0,0.9,Tired/Sad
indie pop,39.0,282733.0,123.05,8.0,0.0,0.56,0.29,0.46,0.45,0.78,0.97,0.36,60.0,0.49,60.0,0.92,Tired/Sad
indie,44.0,182266.0,136.0,5.0,0.0,0.45,0.23,0.47,0.35,0.81,0.98,0.46,68.0,0.44,68.0,0.92,Tired/Sad
indie pop,35.0,252573.0,129.2,0.0,1.0,0.61,0.38,0.56,0.8,0.75,0.93,0.12,32.0,0.46,32.0,0.91,Tired/Sad
indie,42.0,365533.0,120.19,1.0,1.0,0.61,0.3,0.49,0.79,0.78,0.95,0.31,57.0,0.5,57.0,0.94,Tired/Sad
pop,47.0,318800.0,120.19,10.0,0.0,0.58,0.37,0.56,0.48,0.74,0.95,0.14,24.0,0.5,24.0,0.96,Tired/Sad
indie pop,36.0,237226.0,120.19,8.0,0.0,0.66,0.33,0.49,0.49,0.76,0.95,0.29,55.0,0.5,55.0,0.97,Relax/Chill
rock,86.0,301920.0,120.19,8.0,0.0,0.66,0.38,0.42,0.49,0.74,0.95,0.14,56.0,0.5,56.0,0.88,Relax/Chill
rock,85.0,218920.0,132.51,2.0,1.0,0.77,0.36,0.42,0.79,0.73,0.97,0.15,61.0,0.45,61.0,0.87,Relax/Chill
rock,84.0,281160.0,107.67,6.0,0.0,0.64,0.38,0.45,0.49,0.74,0.94,0.14,49.0,0.56,49.0,0.82,Happy/Excited
rock,76.0,257053.0,123.05,9.0,0.0,0.6,0.36,0.47,0.49,0.74,0.96,0.2,60.0,0.49,60.0,0.91,Happy/Excited
,80.0,261093.0,117.45,3.0,0.0,0.53,0.32,0.46,0.41,0.75,0.97,0.23,58.0,0.51,58.0,0.95,Happy/Excited
grunge,74.0,232146.0,107.67,0.0,1.0,0.74,0.26,0.45,0.62,0.82,0.97,0.46,50.0,0.56,50.0,0.94,Happy/Excited
grunge,62.0,156426.0,152.0,7.0,1.0,0.67,0.38,0.44,0.8,0.73,0.96,0.13,72.0,0.39,72.0,0.92,Relax/Chill
grunge,68.0,184040.0,80.75,8.0,0.0,0.72,0.39,0.42,0.48,0.73,0.95,0.12,36.0,0.74,36.0,0.9,Relax/Chill
grunge,72.0,255080.0,161.5,9.0,0.0,0.64,0.38,0.44,0.51,0.74,0.94,0.19,76.0,0.37,76.0,0.93,Happy/Excited
,77.0,233173.0,117.45,8.0,0.0,0.65,0.34,0.42,0.49,0.75,0.95,0.23,53.0,0.51,53.0,0.9,Happy/Excited
rock,76.0,151893.0,112.35,11.0,1.0,0.69,0.3,0.41,0.71,0.78,0.97,0.33,53.0,0.53,53.0,0.93,Happy/Excited
alternative,81.0,121160.0,129.2,3.0,0.0,0.67,0.38,0.43,0.5,0.75,0.93,0.16,60.0,0.46,60.0,0.91,Happy/Excited
alternative,73.0,259385.0,60.09,10.0,1.0,0.58,0.37,0.4,0.77,0.75,0.93,0.19,30.0,1.0,30.0,0.83,Relax/Chill
alternative,66.0,185093.0,69.84,11.0,1.0,0.58,0.35,0.4,0.77,0.75,0.95,0.22,33.0,0.86,33.0,0.88,Happy/Excited
alt-rock,66.0,358773.0,123.05,9.0,1.0,0.54,0.32,0.5,0.8,0.76,0.95,0.28,57.0,0.49,57.0,0.94,Happy/Excited
alt-rock,60.0,238520.0,107.67,9.0,1.0,0.52,0.37,0.42,0.79,0.74,0.94,0.16,53.0,0.56,53.0,0.85,Happy/Excited
alt-rock,60.0,461946.0,161.5,4.0,0.0,0.53,0.33,0.51,0.48,0.75,0.95,0.25,73.0,0.37,73.0,0.93,Relax/Chill
alt-rock,58.0,213986.0,117.45,8.0,1.0,0.67,0.36,0.45,0.79,0.75,0.95,0.21,57.0,0.51,57.0,0.93,Relax/Chill
,17.0,,95.7,7.0,1.0,0.62,0.33,0.44,0.76,0.78,0.95,0.24,47.0,0.63,47.0,0.95,Happy/Excited
alt-rock,42.0,205773.0,112.35,7.0,1.0,0.56,0.35,0.44,0.76,0.75,0.94,0.17,53.0,0.53,53.0,0.92,Happy/Excited
alt-rock,53.0,233373.0,143.55,7.0,0.0,0.6,0.33,0.5,0.48,0.76,0.96,0.27,64.0,0.42,64.0,0.95,Relax/Chill
j-dance,9.0,370626.0,132.51,7.0,1.0,0.67,0.29,0.52,0.8,0.79,0.95,0.42,32.0,0.45,32.0,0.96,Relax/Chill
,2.0,,112.35,5.0,0.0,0.44,0.29,0.37,0.49,0.76,0.95,0.41,55.0,0.53,55.0,0.88,Relax/Chill
,2.0,,117.45,8.0,0.0,0.39,0.27,0.39,0.49,0.78,0.96,0.44,58.0,0.51,58.0,0.88,Relax/Chill
turkish,40.0,319826.0,152.0,9.0,1.0,0.52,0.28,0.49,0.7,0.77,0.97,0.37,72.0,0.39,72.0,0.91,Relax/Chill
j-dance,41.0,492666.0,109.96,7.0,1.0,0.45,0.29,0.36,0.73,0.76,0.96,0.34,57.0,0.55,57.0,0.85,Relax/Chill
turkish,20.0,536813.0,112.35,9.0,1.0,0.52,0.3,0.42,0.7,0.76,0.96,0.33,55.0,0.53,55.0,0.87,Relax/Chill
dance,89.0,237200.0,117.45,3.0,1.0,0.52,0.33,0.53,0.79,0.76,0.96,0.25,34.0,0.51,34.0,0.95,Relax/Chill
dance,86.0,241933.0,120.19,8.0,1.0,0.58,0.34,0.49,0.8,0.77,0.93,0.29,58.0,0.5,58.0,0.93,Relax/Chill
,53.0,,132.51,3.0,0.0,0.63,0.37,0.5,0.5,0.75,0.94,0.23,63.0,0.45,63.0,0.97,Happy/Excited
dance,89.0,294573.0,120.19,4.0,1.0,0.58,0.35,0.47,0.8,0.75,0.94,0.27,54.0,0.5,54.0,0.97,Happy/Excited
dance,83.0,220626.0,123.05,5.0,0.0,0.65,0.35,0.46,0.5,0.76,0.93,0.3,58.0,0.49,58.0,0.94,Happy/Excited
,14.0,,90.67,9.0,0.0,0.51,0.33,0.4,0.48,0.75,0.95,0.26,42.0,0.66,42.0,0.88,Happy/Excited
,31.0,,117.45,2.0,0.0,0.64,0.33,0.48,0.49,0.76,0.95,0.27,57.0,0.51,57.0,0.94,Happy/Excited
,20.0,,136.0,7.0,1.0,0.52,0.34,0.54,0.8,0.75,0.94,0.25,30.0,0.44,30.0,0.94,Relax/Chill
,9.0,,126.05,9.0,1.0,0.59,0.35,0.44,0.8,0.75,0.95,0.21,61.0,0.48,61.0,0.93,Happy/Excited
,0.0,,120.19,4.0,1.0,0.9,0.3,0.57,0.79,0.78,0.97,0.39,31.0,0.5,31.0,0.97,Happy/Excited
,29.0,,120.19,9.0,1.0,0.72,0.37,0.41,0.8,0.76,0.94,0.22,57.0,0.5,57.0,0.97,Relax/Chill
electronic,45.0,334586.0,120.19,2.0,0.0,0.78,0.24,0.48,0.4,0.84,0.97,0.48,58.0,0.5,58.0,0.92,Relax/Chill
techno,22.0,365372.0,126.05,7.0,0.0,0.8,0.29,0.4,0.42,0.76,0.98,0.33,60.0,0.48,60.0,0.97,Happy/Excited
techno,25.0,440669.0,129.2,5.0,0.0,0.84,0.29,0.51,0.45,0.78,0.98,0.39,60.0,0.46,60.0,0.95,Relax/Chill
electronic,68.0,290493.0,126.05,9.0,0.0,0.79,0.37,0.47,0.5,0.75,0.93,0.22,62.0,0.48,62.0,0.94,Relax/Chill
techno,18.0,346000.0,129.2,0.0,0.0,0.85,0.29,0.49,0.41,0.8,0.97,0.34,63.0,0.46,63.0,0.97,Happy/Excited
techno,23.0,308142.0,129.2,1.0,1.0,0.79,0.34,0.42,0.8,0.78,0.94,0.32,65.0,0.46,65.0,0.9,Happy/Excited
,7.0,,123.05,2.0,1.0,0.93,0.24,0.53,0.7,0.81,0.98,0.4,44.0,0.49,44.0,0.93,Happy/Excited
indie,70.0,116161.0,136.0,4.0,0.0,0.6,0.32,0.45,0.49,0.75,0.97,0.25,66.0,0.44,66.0,0.92,Happy/Excited
pop,47.0,,95.7,9.0,1.0,0.65,0.34,0.37,0.78,0.75,0.96,0.25,47.0,0.63,47.0,0.91,Relax/Chill
pop,59.0,,161.5,2.0,1.0,0.66,0.34,0.48,0.8,0.76,0.96,0.24,76.0,0.37,76.0,0.95,Happy/Excited
,53.0,,92.29,7.0,1.0,0.63,0.35,0.42,0.78,0.75,0.96,0.2,41.0,0.65,41.0,0.9,Relax/Chill
,50.0,,99.38,0.0,1.0,0.62,0.35,0.46,0.79,0.75,0.94,0.22,48.0,0.6,48.0,0.91,Happy/Excited
,17.0,,114.84,5.0,0.0,0.59,0.38,0.48,0.5,0.75,0.94,0.16,55.0,0.52,55.0,0.96,Relax/Chill
pop,47.0,,161.5,4.0,1.0,0.58,0.36,0.48,0.81,0.75,0.93,0.21,82.0,0.37,82.0,0.94,Relax/Chill
pop,60.0,,117.45,2.0,1.0,0.57,0.4,0.47,0.8,0.74,0.93,0.13,56.0,0.51,56.0,0.94,Relax/Chill
,25.0,,112.35,11.0,1.0,0.57,0.31,0.44,0.79,0.76,0.96,0.28,52.0,0.53,52.0,0.85,Relax/Chill
,57.0,,117.45,10.0,0.0,0.63,0.36,0.43,0.47,0.75,0.94,0.15,58.0,0.51,58.0,0.87,Relax/Chill
,56.0,,166.71,10.0,0.0,0.49,0.35,0.51,0.51,0.75,0.96,0.19,65.0,0.36,65.0,0.92,Relax/Chill
j-pop,55.0,278825.0,117.45,2.0,1.0,0.65,0.36,0.39,0.79,0.74,0.96,0.16,57.0,0.51,57.0,0.88,Happy/Excited
j-pop,56.0,298040.0,117.45,9.0,0.0,0.7,0.34,0.47,0.49,0.75,0.97,0.24,56.0,0.51,56.0,0.95,Happy/Excited
pop,66.0,291346.0,136.0,11.0,1.0,0.56,0.36,0.48,0.78,0.72,0.96,0.15,64.0,0.44,64.0,0.93,Happy/Excited
,55.0,,95.7,5.0,0.0,0.5,0.32,0.44,0.44,0.75,0.97,0.22,37.0,0.63,37.0,0.79,Relax/Chill
j-pop,53.0,256880.0,132.51,0.0,0.0,0.57,0.34,0.55,0.5,0.76,0.95,0.24,34.0,0.45,34.0,0.96,Happy/Excited
j-pop,52.0,281449.0,117.45,7.0,1.0,0.52,0.34,0.49,0.79,0.74,0.96,0.24,54.0,0.51,54.0,0.95,Relax/Chill
anime,14.0,299266.0,89.1,11.0,1.0,0.68,0.34,0.36,0.77,0.74,0.98,0.21,45.0,0.67,45.0,0.9,Relax/Chill
j-pop,20.0,248333.0,99.38,7.0,1.0,0.75,0.34,0.39,0.78,0.75,0.97,0.21,48.0,0.6,48.0,0.88,Relax/Chill
j-pop,63.0,326640.0,97.51,5.0,0.0,0.69,0.31,0.36,0.48,0.77,0.96,0.32,47.0,0.62,47.0,0.89,Angry/Frustrated
j-pop,47.0,240560.0,129.2,4.0,0.0,0.59,0.33,0.47,0.5,0.75,0.96,0.25,61.0,0.46,61.0,0.89,Happy/Excited
,35.0,,172.27,2.0,1.0,0.65,0.3,0.52,0.81,0.78,0.96,0.33,79.0,0.35,79.0,0.96,Relax/Chill
pop,59.0,207187.0,87.59,7.0,1.0,0.7,0.31,0.43,0.76,0.77,0.97,0.33,41.0,0.68,41.0,0.94,Happy/Excited
j-pop,54.0,240000.0,114.84,5.0,0.0,0.56,0.36,0.49,0.49,0.75,0.94,0.23,55.0,0.52,55.0,0.94,Happy/Excited
,54.0,,132.51,3.0,0.0,0.44,0.36,0.46,0.5,0.74,0.93,0.18,64.0,0.45,64.0,0.94,Happy/Excited
j-pop,50.0,182840.0,132.51,1.0,0.0,0.64,0.31,0.48,0.5,0.77,0.96,0.3,66.0,0.45,66.0,0.92,Happy/Excited
,79.0,,156.61,0.0,0.0,0.67,0.28,0.6,0.45,0.78,0.97,0.36,39.0,0.38,39.0,0.9,Happy/Excited
pop,69.0,172906.0,99.38,5.0,0.0,0.64,0.32,0.38,0.48,0.77,0.96,0.29,49.0,0.6,49.0,0.89,Relax/Chill
,34.0,,143.55,6.0,1.0,0.58,0.35,0.47,0.8,0.76,0.93,0.25,70.0,0.42,70.0,0.94,Angry/Frustrated
j-pop,50.0,214080.0,105.47,0.0,1.0,0.64,0.34,0.52,0.79,0.76,0.95,0.28,32.0,0.57,32.0,0.93,Angry/Frustrated
pop,55.0,249440.0,126.05,4.0,1.0,0.65,0.37,0.53,0.8,0.73,0.95,0.13,29.0,0.48,29.0,0.94,Happy/Excited
,44.0,,123.05,6.0,1.0,0.55,0.34,0.43,0.78,0.75,0.97,0.24,61.0,0.49,61.0,0.95,Happy/Excited
rock,54.0,207101.0,184.57,4.0,1.0,0.62,0.32,0.52,0.81,0.77,0.95,0.31,89.0,0.33,89.0,0.94,Happy/Excited
,50.0,,123.05,6.0,0.0,0.71,0.36,0.52,0.49,0.74,0.95,0.15,33.0,0.49,33.0,0.87,Happy/Excited
,51.0,,184.57,3.0,1.0,0.5,0.31,0.53,0.78,0.75,0.97,0.28,91.0,0.33,91.0,0.95,Relax/Chill
,51.0,,95.7,3.0,0.0,0.55,0.36,0.51,0.48,0.74,0.96,0.14,32.0,0.63,32.0,0.94,Relax/Chill
,42.0,,123.05,7.0,1.0,0.63,0.27,0.51,0.68,0.79,0.98,0.28,43.0,0.49,43.0,0.86,Relax/Chill
,46.0,,136.0,5.0,0.0,0.5,0.32,0.48,0.5,0.77,0.96,0.26,64.0,0.44,64.0,0.91,Relax/Chill
,44.0,,161.5,1.0,0.0,0.53,0.34,0.55,0.51,0.76,0.95,0.24,65.0,0.37,65.0,0.93,Relax/Chill
,46.0,,166.71,3.0,1.0,0.55,0.33,0.56,0.81,0.77,0.95,0.27,65.0,0.36,65.0,0.94,Relax/Chill
,39.0,,156.61,1.0,1.0,0.61,0.35,0.58,0.8,0.75,0.95,0.2,35.0,0.38,35.0,0.95,Relax/Chill
,65.0,,97.51,0.0,1.0,0.66,0.3,0.43,0.7,0.77,0.98,0.33,32.0,0.62,32.0,0.86,Relax/Chill
,60.0,,89.1,4.0,1.0,0.59,0.3,0.41,0.78,0.78,0.96,0.36,43.0,0.67,43.0,0.83,Happy/Excited
,48.0,,112.35,5.0,1.0,0.62,0.36,0.42,0.79,0.76,0.94,0.25,55.0,0.53,55.0,0.93,Relax/Chill
,63.0,,87.59,5.0,0.0,0.59,0.32,0.38,0.48,0.77,0.95,0.32,42.0,0.68,42.0,0.9,Relax/Chill
,64.0,,83.35,2.0,1.0,0.55,0.34,0.41,0.78,0.75,0.96,0.25,41.0,0.72,41.0,0.89,Relax/Chill
,54.0,,126.05,7.0,1.0,0.64,0.38,0.49,0.8,0.75,0.94,0.16,56.0,0.48,56.0,0.91,Happy/Excited
,47.0,,114.84,8.0,0.0,0.52,0.34,0.47,0.49,0.77,0.94,0.3,51.0,0.52,51.0,0.93,Relax/Chill
,46.0,,172.27,2.0,1.0,0.55,0.37,0.46,0.81,0.75,0.94,0.2,80.0,0.35,80.0,0.9,Happy/Excited
,57.0,,161.5,11.0,1.0,0.6,0.33,0.51,0.8,0.75,0.97,0.27,79.0,0.37,79.0,0.95,Happy/Excited
,52.0,,143.55,7.0,0.0,0.54,0.31,0.47,0.45,0.77,0.96,0.32,72.0,0.42,72.0,0.91,Happy/Excited
rock,66.0,250800.0,114.84,6.0,1.0,0.59,0.41,0.48,0.8,0.73,0.93,0.09,52.0,0.52,52.0,0.92,Relax/Chill
,60.0,,107.67,10.0,0.0,0.67,0.36,0.41,0.49,0.74,0.96,0.2,53.0,0.56,53.0,0.94,Relax/Chill
,60.0,,123.05,9.0,0.0,0.59,0.38,0.61,0.5,0.75,0.93,0.18,14.0,0.49,14.0,0.95,Happy/Excited
,52.0,,147.66,4.0,1.0,0.6,0.38,0.53,0.81,0.74,0.93,0.16,65.0,0.41,65.0,0.94,Relax/Chill
j-rock,57.0,315866.0,92.29,6.0,1.0,0.54,0.37,0.42,0.79,0.75,0.94,0.18,45.0,0.65,45.0,0.91,Happy/Excited
j-rock,56.0,253240.0,114.84,1.0,0.0,0.58,0.37,0.39,0.5,0.72,0.94,0.16,54.0,0.52,54.0,0.92,Happy/Excited
,54.0,,143.55,0.0,1.0,0.51,0.37,0.46,0.8,0.73,0.95,0.17,68.0,0.42,68.0,0.94,Relax/Chill
j-rock,52.0,240026.0,101.33,8.0,0.0,0.54,0.34,0.43,0.46,0.74,0.97,0.19,48.0,0.59,48.0,0.94,Happy/Excited
,41.0,,139.67,5.0,0.0,0.53,0.37,0.45,0.5,0.75,0.94,0.18,65.0,0.43,65.0,0.9,Happy/Excited
,41.0,,112.35,2.0,1.0,0.56,0.38,0.43,0.8,0.75,0.93,0.2,57.0,0.53,57.0,0.94,Tired/Sad
pop,74.0,258838.0,129.2,0.0,1.0,0.56,0.32,0.48,0.79,0.75,0.97,0.26,63.0,0.46,63.0,0.95,Happy/Excited
pop,73.0,211733.0,166.71,9.0,0.0,0.58,0.36,0.44,0.51,0.75,0.94,0.23,78.0,0.36,78.0,0.96,Happy/Excited
pop,68.0,192400.0,84.72,9.0,1.0,0.55,0.34,0.36,0.78,0.74,0.96,0.25,42.0,0.71,42.0,0.84,Happy/Excited
pop,72.0,194266.0,103.36,2.0,1.0,0.63,0.35,0.4,0.79,0.75,0.95,0.25,52.0,0.58,52.0,0.91,Happy/Excited
,63.0,,84.72,8.0,0.0,0.63,0.35,0.38,0.48,0.75,0.94,0.23,40.0,0.71,40.0,0.89,Happy/Excited
pop,68.0,240746.0,178.21,0.0,0.0,0.5,0.37,0.48,0.51,0.73,0.94,0.17,84.0,0.34,84.0,0.95,Tired/Sad
pop,61.0,224066.0,129.2,0.0,0.0,0.54,0.34,0.47,0.5,0.75,0.95,0.25,63.0,0.46,63.0,0.95,Happy/Excited
pop,63.0,243613.0,99.38,8.0,0.0,0.51,0.34,0.46,0.49,0.74,0.96,0.25,49.0,0.6,49.0,0.97,Relax/Chill
j-pop,59.0,198853.0,129.2,11.0,0.0,0.57,0.33,0.58,0.5,0.76,0.96,0.27,31.0,0.46,31.0,0.97,Happy/Excited
pop,55.0,172366.0,90.67,10.0,0.0,0.56,0.36,0.46,0.48,0.74,0.96,0.18,42.0,0.66,42.0,0.93,Relax/Chill
,60.0,,103.36,9.0,1.0,0.56,0.37,0.54,0.79,0.74,0.95,0.16,24.0,0.58,24.0,0.93,Relax/Chill
,64.0,,103.36,2.0,1.0,0.5,0.36,0.43,0.79,0.74,0.94,0.19,49.0,0.58,49.0,0.94,Relax/Chill
,59.0,,109.96,3.0,1.0,0.57,0.37,0.45,0.79,0.73,0.95,0.14,54.0,0.55,54.0,0.96,Relax/Chill
,60.0,,107.67,7.0,1.0,0.54,0.38,0.46,0.79,0.72,0.94,0.13,52.0,0.56,52.0,0.96,Happy/Excited
,61.0,,78.3,8.0,0.0,0.5,0.32,0.36,0.47,0.75,0.96,0.25,37.0,0.77,37.0,0.92,Relax/Chill
acoustic,64.0,266520.0,166.71,9.0,1.0,0.52,0.37,0.46,0.8,0.74,0.96,0.18,78.0,0.36,78.0,0.95,Relax/Chill
,68.0,,74.9,3.0,0.0,0.53,0.34,0.4,0.47,0.73,0.95,0.2,35.0,0.8,35.0,0.9,Relax/Chill
pop,72.0,246306.0,99.38,7.0,1.0,0.56,0.37,0.43,0.79,0.74,0.92,0.2,49.0,0.6,49.0,0.93,Angry/Frustrated
,53.0,,112.35,0.0,0.0,0.59,0.34,0.46,0.49,0.75,0.95,0.2,54.0,0.53,54.0,0.93,Relax/Chill
pop,70.0,235240.0,99.38,9.0,0.0,0.6,0.31,0.45,0.48,0.76,0.97,0.29,47.0,0.6,47.0,0.91,Relax/Chill
j-pop,62.0,218400.0,152.0,4.0,0.0,0.49,0.39,0.45,0.51,0.74,0.93,0.13,75.0,0.39,75.0,0.95,Relax/Chill
j-pop,65.0,315493.0,152.0,11.0,1.0,0.51,0.37,0.46,0.81,0.74,0.94,0.19,76.0,0.39,76.0,0.94,Happy/Excited
j-pop,61.0,244000.0,84.72,9.0,1.0,0.54,0.38,0.35,0.78,0.73,0.94,0.14,41.0,0.71,41.0,0.95,Happy/Excited
j-pop,60.0,298933.0,152.0,9.0,1.0,0.49,0.35,0.45,0.8,0.74,0.96,0.2,76.0,0.39,76.0,0.95,Relax/Chill
j-pop,59.0,362733.0,156.61,4.0,1.0,0.52,0.37,0.5,0.81,0.73,0.94,0.15,73.0,0.38,73.0,0.95,Happy/Excited
j-pop,54.0,293040.0,143.55,7.0,1.0,0.52,0.38,0.52,0.8,0.73,0.94,0.14,70.0,0.42,70.0,0.96,Relax/Chill
j-pop,50.0,348840.0,103.36,7.0,1.0,0.49,0.36,0.47,0.79,0.73,0.94,0.17,49.0,0.58,49.0,0.94,Relax/Chill
j-pop,48.0,292120.0,156.61,7.0,1.0,0.49,0.35,0.64,0.8,0.75,0.95,0.2,34.0,0.38,34.0,0.94,Tired/Sad
j-pop,44.0,264000.0,136.0,3.0,0.0,0.48,0.38,0.48,0.5,0.73,0.94,0.14,64.0,0.44,64.0,0.92,Relax/Chill
j-pop,38.0,299520.0,147.66,4.0,1.0,0.54,0.39,0.62,0.81,0.75,0.93,0.14,34.0,0.41,34.0,0.95,Relax/Chill
j-pop,58.0,226200.0,184.57,11.0,1.0,0.53,0.36,0.44,0.81,0.74,0.95,0.19,90.0,0.33,90.0,0.93,Relax/Chill
j-pop,68.0,271160.0,90.67,0.0,1.0,0.59,0.38,0.4,0.79,0.74,0.94,0.16,36.0,0.66,36.0,0.95,Happy/Excited
j-pop,57.0,213093.0,109.96,1.0,0.0,0.78,0.37,0.45,0.5,0.73,0.91,0.18,52.0,0.55,52.0,0.95,Relax/Chill
j-pop,68.0,236253.0,84.72,8.0,0.0,0.56,0.36,0.43,0.48,0.74,0.95,0.2,43.0,0.71,43.0,0.91,Relax/Chill
j-pop,53.0,210653.0,136.0,2.0,1.0,0.57,0.4,0.5,0.81,0.73,0.92,0.14,62.0,0.44,62.0,0.96,Relax/Chill
,42.0,,92.29,1.0,0.0,0.57,0.37,0.4,0.49,0.75,0.92,0.21,46.0,0.65,46.0,0.84,Relax/Chill
pop,64.0,336840.0,83.35,9.0,1.0,0.64,0.38,0.38,0.78,0.73,0.94,0.13,40.0,0.72,40.0,0.92,Happy/Excited
j-pop,51.0,253800.0,103.36,4.0,1.0,0.58,0.34,0.52,0.79,0.76,0.94,0.24,25.0,0.58,25.0,0.84,Happy/Excited
j-pop,52.0,251946.0,90.67,0.0,1.0,0.55,0.35,0.42,0.78,0.75,0.94,0.23,45.0,0.66,45.0,0.9,Relax/Chill
j-pop,44.0,,79.51,9.0,0.0,0.59,0.37,0.39,0.48,0.74,0.93,0.22,39.0,0.75,39.0,0.9,Relax/Chill
rock,77.0,272226.0,114.84,6.0,0.0,0.49,0.35,0.39,0.49,0.74,0.96,0.2,58.0,0.52,58.0,0.93,Relax/Chill
rock,81.0,288200.0,152.0,10.0,0.0,0.58,0.34,0.46,0.5,0.74,0.97,0.24,70.0,0.39,70.0,0.93,Happy/Excited
j-rock,56.0,252066.0,105.47,2.0,1.0,0.66,0.35,0.42,0.79,0.75,0.96,0.21,50.0,0.57,50.0,0.93,Relax/Chill
j-rock,64.0,211426.0,95.7,11.0,1.0,0.64,0.39,0.43,0.79,0.73,0.94,0.11,46.0,0.63,46.0,0.93,Happy/Excited
rock,77.0,270026.0,92.29,4.0,1.0,0.56,0.37,0.41,0.79,0.73,0.94,0.17,45.0,0.65,45.0,0.88,Relax/Chill
rock,76.0,343253.0,156.61,5.0,0.0,0.64,0.35,0.43,0.51,0.74,0.95,0.2,77.0,0.38,77.0,0.94,Happy/Excited
pop,76.0,203149.0,109.96,2.0,1.0,0.61,0.31,0.37,0.79,0.77,0.96,0.32,55.0,0.55,55.0,0.91,Happy/Excited
rock,68.0,257213.0,95.7,11.0,1.0,0.56,0.37,0.38,0.79,0.74,0.95,0.2,48.0,0.63,48.0,0.94,Relax/Chill
rock,70.0,270400.0,147.66,5.0,0.0,0.55,0.36,0.47,0.5,0.74,0.95,0.24,73.0,0.41,73.0,0.97,Happy/Excited
rock,75.0,263106.0,117.45,7.0,1.0,0.55,0.33,0.38,0.79,0.76,0.95,0.28,56.0,0.51,56.0,0.92,Happy/Excited
,60.0,,172.27,9.0,0.0,0.57,0.39,0.51,0.51,0.74,0.94,0.11,79.0,0.35,79.0,0.93,Happy/Excited
j-rock,58.0,258733.0,143.55,9.0,1.0,0.65,0.38,0.51,0.8,0.74,0.95,0.11,70.0,0.42,70.0,0.94,Happy/Excited
j-rock,51.0,304840.0,103.36,9.0,1.0,0.62,0.38,0.41,0.79,0.74,0.94,0.14,51.0,0.58,51.0,0.93,Happy/Excited
,52.0,,123.05,9.0,1.0,0.6,0.4,0.43,0.8,0.74,0.92,0.13,57.0,0.49,57.0,0.95,Happy/Excited
j-rock,47.0,201333.0,95.7,2.0,1.0,0.45,0.36,0.45,0.79,0.75,0.94,0.2,44.0,0.63,44.0,0.93,Happy/Excited
j-pop,45.0,335866.0,103.36,11.0,1.0,0.58,0.32,0.4,0.79,0.76,0.96,0.28,48.0,0.58,48.0,0.87,Relax/Chill
rockabilly,41.0,234840.0,143.55,5.0,0.0,0.57,0.37,0.48,0.51,0.75,0.93,0.18,70.0,0.42,70.0,0.91,Tired/Sad
pop,42.0,,172.27,5.0,0.0,0.57,0.35,0.49,0.51,0.75,0.93,0.23,84.0,0.35,84.0,0.92,Happy/Excited
rockabilly,34.0,,161.5,10.0,0.0,0.6,0.35,0.61,0.51,0.76,0.93,0.2,42.0,0.37,42.0,0.92,Relax/Chill
,47.0,,136.0,6.0,1.0,0.45,0.35,0.47,0.78,0.74,0.95,0.19,64.0,0.44,64.0,0.88,Relax/Chill
,54.0,,80.75,4.0,0.0,0.56,0.38,0.42,0.48,0.75,0.94,0.14,18.0,0.74,18.0,0.85,Happy/Excited
,50.0,,126.05,7.0,1.0,0.66,0.39,0.49,0.8,0.74,0.95,0.13,38.0,0.48,38.0,0.85,Relax/Chill
,58.0,,89.1,6.0,0.0,0.55,0.39,0.4,0.49,0.74,0.93,0.15,33.0,0.67,33.0,0.91,Happy/Excited
,52.0,,136.0,6.0,1.0,0.59,0.35,0.44,0.8,0.75,0.95,0.23,64.0,0.44,64.0,0.93,Happy/Excited
,62.0,,152.0,6.0,0.0,0.63,0.36,0.51,0.5,0.75,0.95,0.22,64.0,0.39,64.0,0.95,Relax/Chill
,54.0,,147.66,4.0,0.0,0.64,0.38,0.51,0.5,0.76,0.94,0.19,58.0,0.41,58.0,0.92,Happy/Excited
,48.0,,78.3,1.0,0.0,0.46,0.32,0.42,0.48,0.76,0.96,0.28,28.0,0.77,28.0,0.89,Happy/Excited
,58.0,,123.05,2.0,1.0,0.61,0.38,0.56,0.8,0.75,0.93,0.16,33.0,0.49,33.0,0.94,Relax/Chill
,59.0,,79.51,3.0,1.0,0.64,0.35,0.4,0.78,0.75,0.94,0.24,32.0,0.75,32.0,0.97,Happy/Excited
,25.0,,143.55,2.0,1.0,0.62,0.33,0.47,0.79,0.74,0.97,0.23,70.0,0.42,70.0,0.94,Tired/Sad
j-pop,59.0,232280.0,117.45,8.0,0.0,0.57,0.36,0.47,0.49,0.75,0.94,0.21,58.0,0.51,58.0,0.92,Happy/Excited
j-pop,38.0,,143.55,8.0,0.0,0.66,0.38,0.46,0.51,0.74,0.93,0.18,69.0,0.42,69.0,0.92,Relax/Chill
pop,66.0,276040.0,152.0,10.0,0.0,0.65,0.37,0.45,0.51,0.74,0.94,0.17,74.0,0.39,74.0,0.94,Happy/Excited
,21.0,,152.0,4.0,0.0,0.56,0.36,0.48,0.51,0.74,0.93,0.22,70.0,0.39,70.0,0.9,Happy/Excited
j-pop,46.0,,136.0,4.0,1.0,0.57,0.38,0.42,0.8,0.74,0.93,0.16,67.0,0.44,67.0,0.92,Relax/Chill
j-pop,31.0,250666.0,129.2,0.0,1.0,0.63,0.36,0.56,0.8,0.75,0.94,0.2,30.0,0.46,30.0,0.92,Happy/Excited
,48.0,,178.21,6.0,0.0,0.57,0.39,0.65,0.51,0.73,0.94,0.06,17.0,0.34,17.0,0.93,Happy/Excited
,41.0,,161.5,10.0,0.0,0.46,0.38,0.45,0.51,0.72,0.94,0.1,77.0,0.37,77.0,0.94,Happy/Excited
,29.0,,129.2,9.0,1.0,0.59,0.36,0.42,0.8,0.73,0.95,0.15,64.0,0.46,64.0,0.93,Relax/Chill
,25.0,,178.21,11.0,1.0,0.59,0.38,0.49,0.81,0.74,0.93,0.17,83.0,0.34,83.0,0.93,Happy/Excited
,33.0,,80.75,10.0,0.0,0.65,0.38,0.41,0.48,0.73,0.95,0.13,40.0,0.74,40.0,0.92,Relax/Chill
,31.0,,126.05,10.0,0.0,0.47,0.34,0.46,0.5,0.76,0.94,0.24,61.0,0.48,61.0,0.92,Tired/Sad
,24.0,,136.0,0.0,1.0,0.5,0.33,0.41,0.8,0.77,0.95,0.29,68.0,0.44,68.0,0.9,Happy/Excited
,27.0,,132.51,10.0,0.0,0.58,0.34,0.39,0.49,0.75,0.97,0.24,66.0,0.45,66.0,0.92,Happy/Excited
,49.0,,143.55,9.0,1.0,0.55,0.35,0.52,0.81,0.76,0.93,0.23,64.0,0.42,64.0,0.91,Relax/Chill
,53.0,,152.0,8.0,0.0,0.48,0.32,0.45,0.5,0.75,0.96,0.27,72.0,0.39,72.0,0.92,Happy/Excited
,44.0,,83.35,7.0,1.0,0.32,0.26,0.49,0.72,0.79,0.97,0.33,20.0,0.72,20.0,0.82,Happy/Excited
,36.0,,136.0,10.0,0.0,0.43,0.33,0.46,0.5,0.76,0.95,0.27,65.0,0.44,65.0,0.89,Happy/Excited
,41.0,,129.2,7.0,1.0,0.51,0.33,0.53,0.79,0.75,0.97,0.26,37.0,0.46,37.0,0.95,Tired/Sad
,31.0,,136.0,9.0,1.0,0.68,0.37,0.44,0.8,0.75,0.93,0.18,68.0,0.44,68.0,0.92,Angry/Frustrated
pop,57.0,317597.0,112.35,5.0,0.0,0.53,0.31,0.38,0.45,0.75,0.97,0.28,54.0,0.53,54.0,0.89,Happy/Excited
,28.0,,112.35,8.0,0.0,0.6,0.31,0.47,0.48,0.76,0.97,0.31,55.0,0.53,55.0,0.89,Tired/Sad
singer-songwriter,55.0,,123.05,0.0,0.0,0.53,0.32,0.53,0.42,0.76,0.96,0.26,27.0,0.49,27.0,0.9,Tired/Sad
singer-songwriter,33.0,258976.0,107.67,10.0,0.0,0.5,0.29,0.4,0.42,0.76,0.97,0.31,50.0,0.56,50.0,0.84,Relax/Chill
singer-songwriter,31.0,,147.66,11.0,1.0,0.56,0.3,0.49,0.76,0.77,0.97,0.33,65.0,0.41,65.0,0.91,Happy/Excited
singer-songwriter,57.0,207466.0,123.05,0.0,0.0,0.58,0.27,0.44,0.4,0.78,0.97,0.41,56.0,0.49,56.0,0.89,Happy/Excited
singer-songwriter,54.0,325844.0,136.0,10.0,0.0,0.47,0.35,0.44,0.5,0.75,0.96,0.22,67.0,0.44,67.0,0.91,Happy/Excited
singer-songwriter,47.0,281346.0,143.55,8.0,0.0,0.56,0.27,0.55,0.36,0.79,0.97,0.38,34.0,0.42,34.0,0.9,Relax/Chill
,75.0,,129.2,2.0,1.0,0.65,0.33,0.6,0.8,0.77,0.95,0.27,29.0,0.46,29.0,0.94,Tired/Sad
pop,65.0,235200.0,105.47,4.0,1.0,0.5,0.32,0.44,0.79,0.76,0.94,0.28,51.0,0.57,51.0,0.91,Relax/Chill
pop,54.0,231910.0,117.45,0.0,1.0,0.57,0.32,0.45,0.79,0.76,0.95,0.31,58.0,0.51,58.0,0.93,Happy/Excited
singer-songwriter,49.0,,123.05,0.0,1.0,0.56,0.34,0.47,0.8,0.76,0.95,0.29,58.0,0.49,58.0,0.93,Angry/Frustrated
singer-songwriter,44.0,,84.72,11.0,1.0,0.52,0.31,0.4,0.78,0.76,0.94,0.32,40.0,0.71,40.0,0.87,Tired/Sad
singer-songwriter,47.0,245822.0,143.55,6.0,1.0,0.53,0.32,0.44,0.8,0.75,0.95,0.29,70.0,0.42,70.0,0.91,Happy/Excited
singer-songwriter,46.0,238105.0,129.2,4.0,1.0,0.58,0.32,0.44,0.8,0.76,0.96,0.31,61.0,0.46,61.0,0.9,Tired/Sad
mandopop,65.0,273573.0,112.35,2.0,1.0,0.48,0.34,0.49,0.79,0.75,0.94,0.23,29.0,0.53,29.0,0.89,Relax/Chill
mandopop,55.0,270373.0,136.0,3.0,0.0,0.43,0.32,0.42,0.47,0.75,0.97,0.27,64.0,0.44,64.0,0.91,Relax/Chill
mandopop,53.0,284853.0,152.0,10.0,0.0,0.59,0.33,0.58,0.5,0.76,0.95,0.25,33.0,0.39,33.0,0.94,Tired/Sad
singer-songwriter,60.0,313565.0,161.5,6.0,0.0,0.53,0.32,0.49,0.5,0.76,0.96,0.25,79.0,0.37,79.0,0.9,Tired/Sad
mandopop,56.0,265573.0,92.29,10.0,0.0,0.55,0.31,0.44,0.44,0.76,0.96,0.27,46.0,0.65,46.0,0.94,Relax/Chill
mandopop,64.0,239346.0,107.67,11.0,1.0,0.55,0.31,0.48,0.75,0.77,0.96,0.31,51.0,0.56,51.0,0.92,Tired/Sad
mandopop,61.0,223453.0,161.5,4.0,1.0,0.67,0.35,0.51,0.81,0.75,0.93,0.22,76.0,0.37,76.0,0.95,Relax/Chill
pop,53.0,263173.0,156.61,4.0,1.0,0.5,0.31,0.49,0.78,0.77,0.96,0.29,73.0,0.38,73.0,0.95,Happy/Excited
mandopop,53.0,293960.0,139.67,5.0,1.0,0.49,0.3,0.45,0.71,0.76,0.97,0.29,65.0,0.43,65.0,0.91,Relax/Chill
pop,66.0,215146.0,90.67,6.0,1.0,0.63,0.32,0.42,0.78,0.76,0.96,0.29,45.0,0.66,45.0,0.96,Tired/Sad
mandopop,55.0,253960.0,76.0,2.0,1.0,0.45,0.34,0.4,0.78,0.75,0.95,0.24,35.0,0.79,35.0,0.92,Relax/Chill
mandopop,61.0,228173.0,143.55,10.0,0.0,0.54,0.37,0.51,0.51,0.73,0.92,0.17,67.0,0.42,67.0,0.96,Relax/Chill
mandopop,60.0,308546.0,86.13,9.0,1.0,0.5,0.35,0.47,0.78,0.76,0.94,0.21,20.0,0.7,20.0,0.83,Relax/Chill
mandopop,66.0,287026.0,136.0,10.0,0.0,0.49,0.36,0.5,0.5,0.74,0.95,0.19,65.0,0.44,65.0,0.94,Relax/Chill
rock,75.0,262333.0,83.35,8.0,0.0,0.66,0.34,0.45,0.48,0.75,0.97,0.23,13.0,0.72,13.0,0.94,Relax/Chill
punk,39.0,,105.47,6.0,1.0,0.6,0.35,0.43,0.79,0.75,0.96,0.23,50.0,0.57,50.0,0.94,Relax/Chill
punk,41.0,,166.71,5.0,0.0,0.61,0.36,0.48,0.5,0.74,0.96,0.22,78.0,0.36,78.0,0.93,Relax/Chill
punk-rock,37.0,,92.29,8.0,0.0,0.7,0.36,0.43,0.49,0.75,0.95,0.23,35.0,0.65,35.0,0.91,Relax/Chill
,76.0,,143.55,7.0,0.0,0.51,0.36,0.48,0.5,0.75,0.95,0.18,64.0,0.42,64.0,0.92,Happy/Excited
,45.0,,105.47,11.0,0.0,0.53,0.31,0.44,0.49,0.75,0.96,0.29,49.0,0.57,49.0,0.96,Tired/Sad
,0.0,,143.55,5.0,1.0,0.47,0.28,0.45,0.76,0.78,0.96,0.36,70.0,0.42,70.0,0.89,Relax/Chill
,59.0,,123.05,8.0,0.0,0.44,0.34,0.59,0.5,0.75,0.95,0.23,22.0,0.49,22.0,0.93,Relax/Chill
,34.0,,123.05,3.0,0.0,0.74,0.27,0.47,0.36,0.77,0.98,0.35,58.0,0.49,58.0,0.96,Relax/Chill
,29.0,,136.0,9.0,1.0,0.52,0.25,0.42,0.64,0.79,0.99,0.39,65.0,0.44,65.0,0.87,Tired/Sad
pop,38.0,175186.0,123.05,10.0,1.0,0.51,0.3,0.47,0.7,0.76,0.97,0.23,58.0,0.49,58.0,0.92,Relax/Chill
pop,38.0,,86.13,10.0,0.0,0.47,0.29,0.41,0.38,0.77,0.97,0.33,42.0,0.7,42.0,0.87,Tired/Sad
mandopop,47.0,253040.0,93.96,4.0,1.0,0.46,0.3,0.46,0.79,0.77,0.95,0.34,45.0,0.64,45.0,0.91,Happy/Excited
mandopop,43.0,272026.0,109.96,8.0,0.0,0.5,0.33,0.46,0.49,0.75,0.95,0.28,54.0,0.55,54.0,0.96,Tired/Sad
,39.0,,82.03,11.0,1.0,0.56,0.33,0.4,0.78,0.76,0.95,0.3,40.0,0.73,40.0,0.85,Relax/Chill
singer-songwriter,49.0,202346.0,112.35,5.0,0.0,0.46,0.34,0.45,0.5,0.76,0.93,0.24,51.0,0.53,51.0,0.85,Happy/Excited
,62.0,,87.59,8.0,0.0,0.67,0.33,0.4,0.48,0.76,0.95,0.28,41.0,0.68,41.0,0.93,Happy/Excited
indie pop,53.0,347058.0,136.0,8.0,0.0,0.64,0.32,0.45,0.48,0.76,0.97,0.31,64.0,0.44,64.0,0.89,Happy/Excited
mandopop,54.0,313186.0,129.2,10.0,0.0,0.42,0.38,0.45,0.5,0.75,0.94,0.17,63.0,0.46,63.0,0.91,Relax/Chill
singer-songwriter,59.0,280954.0,166.71,4.0,1.0,0.55,0.26,0.62,0.75,0.78,0.97,0.39,38.0,0.36,38.0,0.93,Relax/Chill
mandopop,47.0,262333.0,117.45,2.0,1.0,0.51,0.34,0.5,0.79,0.76,0.95,0.23,26.0,0.51,26.0,0.92,Relax/Chill
mandopop,56.0,191718.0,132.51,5.0,0.0,0.57,0.31,0.43,0.5,0.78,0.97,0.32,65.0,0.45,65.0,0.89,Happy/Excited
mandopop,66.0,259600.0,84.72,10.0,1.0,0.55,0.31,0.42,0.73,0.76,0.97,0.28,39.0,0.71,39.0,0.91,Relax/Chill
hip-hop,56.0,258834.0,161.5,7.0,1.0,0.6,0.35,0.49,0.81,0.75,0.94,0.23,75.0,0.37,75.0,0.92,Relax/Chill
mandopop,47.0,272560.0,161.5,4.0,1.0,0.53,0.36,0.49,0.81,0.74,0.94,0.18,72.0,0.37,72.0,0.9,Relax/Chill
rock,74.0,288013.0,147.66,5.0,0.0,0.57,0.34,0.51,0.5,0.74,0.96,0.22,71.0,0.41,71.0,0.93,Relax/Chill
rock,75.0,286053.0,161.5,6.0,1.0,0.53,0.36,0.52,0.8,0.73,0.96,0.18,76.0,0.37,76.0,0.93,Tired/Sad
rock,71.0,314280.0,77.13,9.0,1.0,0.56,0.35,0.39,0.78,0.74,0.96,0.2,38.0,0.78,38.0,0.92,Tired/Sad
rock,66.0,340080.0,156.61,4.0,1.0,0.52,0.36,0.48,0.81,0.74,0.95,0.19,73.0,0.38,73.0,0.94,Relax/Chill
rock,67.0,325040.0,80.75,10.0,0.0,0.49,0.39,0.44,0.48,0.74,0.93,0.17,39.0,0.74,39.0,0.91,Happy/Excited
rock,68.0,254440.0,89.1,5.0,0.0,0.51,0.37,0.44,0.48,0.73,0.95,0.15,42.0,0.67,42.0,0.92,Relax/Chill
rock,72.0,258333.0,147.66,11.0,0.0,0.49,0.37,0.52,0.5,0.74,0.94,0.18,71.0,0.41,71.0,0.95,Relax/Chill
j-rock,59.0,262000.0,123.05,4.0,1.0,0.53,0.36,0.46,0.8,0.74,0.95,0.2,60.0,0.49,60.0,0.94,Angry/Frustrated
j-idol,44.0,265826.0,123.05,8.0,0.0,0.59,0.39,0.49,0.5,0.73,0.94,0.11,58.0,0.49,58.0,0.96,Relax/Chill
j-idol,50.0,249533.0,120.19,5.0,1.0,0.66,0.4,0.43,0.8,0.75,0.92,0.18,55.0,0.5,55.0,0.96,Tired/Sad
j-idol,47.0,222666.0,161.5,4.0,1.0,0.57,0.39,0.44,0.81,0.74,0.94,0.13,79.0,0.37,79.0,0.95,Relax/Chill
j-idol,45.0,221506.0,126.05,7.0,1.0,0.49,0.34,0.47,0.79,0.75,0.96,0.22,61.0,0.48,61.0,0.96,Tired/Sad
j-idol,47.0,273866.0,129.2,5.0,0.0,0.55,0.39,0.47,0.5,0.73,0.94,0.13,61.0,0.46,61.0,0.92,Relax/Chill
j-idol,46.0,307600.0,103.36,8.0,1.0,0.54,0.37,0.45,0.79,0.73,0.96,0.13,42.0,0.58,42.0,0.97,Relax/Chill
j-idol,46.0,307600.0,103.36,8.0,1.0,0.54,0.37,0.45,0.79,0.73,0.96,0.13,42.0,0.58,42.0,0.97,Relax/Chill
j-idol,41.0,245166.0,143.55,4.0,1.0,0.57,0.33,0.56,0.8,0.76,0.96,0.26,37.0,0.42,37.0,0.95,Relax/Chill
j-idol,44.0,296400.0,136.0,7.0,1.0,0.59,0.39,0.44,0.8,0.72,0.94,0.09,67.0,0.44,67.0,0.93,Relax/Chill
rock,59.0,253226.0,132.51,6.0,0.0,0.58,0.34,0.56,0.5,0.76,0.96,0.24,31.0,0.45,31.0,0.94,Relax/Chill
rock,50.0,263733.0,92.29,4.0,1.0,0.62,0.37,0.4,0.79,0.75,0.93,0.21,44.0,0.65,44.0,0.9,Relax/Chill
rock,56.0,230586.0,97.51,7.0,1.0,0.54,0.35,0.39,0.78,0.74,0.96,0.22,47.0,0.62,47.0,0.86,Relax/Chill
j-rock,48.0,253440.0,86.13,7.0,1.0,0.6,0.35,0.45,0.78,0.75,0.95,0.21,12.0,0.7,12.0,0.83,Happy/Excited
j-rock,49.0,213462.0,147.66,2.0,1.0,0.61,0.36,0.53,0.8,0.74,0.96,0.17,66.0,0.41,66.0,0.96,Happy/Excited
rock,42.0,221666.0,92.29,7.0,0.0,0.55,0.38,0.37,0.49,0.75,0.93,0.21,47.0,0.65,47.0,0.87,Happy/Excited
j-pop,64.0,261239.0,120.19,4.0,1.0,0.53,0.38,0.49,0.8,0.75,0.94,0.17,56.0,0.5,56.0,0.93,Relax/Chill
j-pop,54.0,281333.0,114.84,4.0,1.0,0.52,0.39,0.49,0.8,0.74,0.91,0.17,55.0,0.52,55.0,0.96,Happy/Excited
j-pop,56.0,275866.0,136.0,2.0,1.0,0.58,0.39,0.51,0.8,0.75,0.94,0.15,66.0,0.44,66.0,0.93,Relax/Chill
j-pop,57.0,274773.0,84.72,9.0,1.0,0.57,0.37,0.39,0.78,0.75,0.94,0.2,40.0,0.71,40.0,0.9,Happy/Excited
j-pop,57.0,259040.0,95.7,2.0,1.0,0.56,0.37,0.4,0.79,0.75,0.94,0.21,46.0,0.63,46.0,0.92,Happy/Excited
j-rock,49.0,295933.0,129.2,4.0,0.0,0.49,0.38,0.51,0.5,0.74,0.94,0.14,60.0,0.46,60.0,0.96,Happy/Excited
j-rock,55.0,241626.0,123.05,3.0,0.0,0.61,0.35,0.39,0.49,0.74,0.96,0.21,60.0,0.49,60.0,0.9,Happy/Excited
j-pop,57.0,254506.0,129.2,10.0,0.0,0.55,0.37,0.49,0.5,0.75,0.93,0.21,62.0,0.46,62.0,0.93,Happy/Excited
j-pop,51.0,241567.0,120.19,0.0,1.0,0.47,0.33,0.44,0.79,0.75,0.96,0.28,55.0,0.5,55.0,0.92,Happy/Excited
j-pop,49.0,259053.0,129.2,8.0,1.0,0.49,0.36,0.45,0.8,0.76,0.94,0.24,62.0,0.46,62.0,0.96,Happy/Excited
pop,63.0,236960.0,152.0,0.0,1.0,0.57,0.37,0.47,0.81,0.75,0.93,0.22,75.0,0.39,75.0,0.96,Happy/Excited
j-pop,59.0,258633.0,152.0,9.0,1.0,0.48,0.37,0.51,0.81,0.75,0.93,0.21,70.0,0.39,70.0,0.92,Happy/Excited
pop,70.0,226026.0,143.55,7.0,1.0,0.6,0.39,0.5,0.81,0.74,0.92,0.15,65.0,0.42,65.0,0.91,Happy/Excited
j-pop,58.0,230066.0,93.96,2.0,1.0,0.53,0.39,0.44,0.79,0.74,0.92,0.17,46.0,0.64,46.0,0.89,Happy/Excited
pop,63.0,279200.0,132.51,7.0,1.0,0.49,0.34,0.45,0.8,0.75,0.95,0.27,65.0,0.45,65.0,0.94,Happy/Excited
,59.0,,95.7,5.0,0.0,0.58,0.37,0.44,0.49,0.75,0.95,0.2,32.0,0.63,32.0,0.93,Happy/Excited
j-pop,51.0,253066.0,143.55,7.0,1.0,0.51,0.38,0.49,0.81,0.74,0.93,0.14,67.0,0.42,67.0,0.94,Happy/Excited
,62.0,,120.19,10.0,0.0,0.54,0.37,0.46,0.5,0.75,0.93,0.21,60.0,0.5,60.0,0.94,Happy/Excited
,55.0,,83.35,10.0,0.0,0.52,0.35,0.45,0.48,0.75,0.95,0.21,18.0,0.72,18.0,0.91,Happy/Excited
,51.0,,143.55,7.0,1.0,0.66,0.36,0.46,0.8,0.74,0.95,0.19,68.0,0.42,68.0,0.94,Happy/Excited
,46.0,,114.84,5.0,1.0,0.45,0.37,0.43,0.8,0.75,0.93,0.21,54.0,0.52,54.0,0.94,Relax/Chill
,43.0,,107.67,8.0,0.0,0.53,0.39,0.37,0.49,0.74,0.94,0.15,52.0,0.56,52.0,0.88,Happy/Excited
,46.0,,120.19,2.0,1.0,0.6,0.36,0.48,0.79,0.74,0.95,0.2,61.0,0.5,61.0,0.89,Happy/Excited
,48.0,,112.35,5.0,0.0,0.43,0.36,0.39,0.49,0.74,0.95,0.21,53.0,0.53,53.0,0.88,Relax/Chill
,44.0,,117.45,9.0,1.0,0.58,0.37,0.44,0.8,0.74,0.94,0.17,56.0,0.51,56.0,0.92,Happy/Excited
,49.0,,112.35,11.0,1.0,0.62,0.36,0.43,0.79,0.74,0.94,0.19,55.0,0.53,55.0,0.96,Happy/Excited
,42.0,,139.67,7.0,1.0,0.62,0.39,0.47,0.8,0.73,0.94,0.11,68.0,0.43,68.0,0.94,Relax/Chill
,63.0,,132.51,10.0,0.0,0.58,0.38,0.46,0.51,0.73,0.9,0.17,63.0,0.45,63.0,0.95,Happy/Excited
,63.0,,95.7,4.0,1.0,0.53,0.35,0.39,0.79,0.75,0.95,0.2,46.0,0.63,46.0,0.88,Happy/Excited
j-pop,59.0,276213.0,95.7,9.0,0.0,0.52,0.35,0.52,0.48,0.75,0.96,0.18,22.0,0.63,22.0,0.91,Relax/Chill
pop,62.0,208271.0,129.2,0.0,0.0,0.63,0.37,0.47,0.51,0.74,0.91,0.24,60.0,0.46,60.0,0.95,Relax/Chill
pop,67.0,204920.0,89.1,11.0,0.0,0.67,0.37,0.44,0.49,0.73,0.93,0.19,42.0,0.67,42.0,0.94,Relax/Chill
j-pop,57.0,196285.0,156.61,1.0,0.0,0.57,0.35,0.45,0.5,0.75,0.97,0.21,78.0,0.38,78.0,0.92,Happy/Excited
pop,63.0,228214.0,87.59,7.0,1.0,0.6,0.36,0.36,0.79,0.74,0.93,0.22,43.0,0.68,43.0,0.91,Relax/Chill
j-pop,56.0,244377.0,97.51,0.0,1.0,0.59,0.32,0.45,0.78,0.75,0.96,0.27,46.0,0.62,46.0,0.91,Happy/Excited
j-pop,50.0,200712.0,120.19,10.0,0.0,0.56,0.35,0.43,0.49,0.74,0.95,0.24,56.0,0.5,56.0,0.92,Relax/Chill
,53.0,,95.7,4.0,1.0,0.46,0.32,0.46,0.77,0.75,0.97,0.23,26.0,0.63,26.0,0.87,Relax/Chill
pop,70.0,242066.0,139.67,8.0,0.0,0.56,0.36,0.45,0.5,0.74,0.94,0.19,68.0,0.43,68.0,0.95,Relax/Chill
pop,71.0,199333.0,129.2,7.0,1.0,0.53,0.35,0.42,0.8,0.75,0.96,0.22,61.0,0.46,61.0,0.9,Happy/Excited
j-pop,62.0,269093.0,92.29,10.0,0.0,0.58,0.36,0.38,0.48,0.74,0.95,0.21,44.0,0.65,44.0,0.88,Happy/Excited
j-pop,60.0,228920.0,143.55,7.0,1.0,0.49,0.38,0.51,0.8,0.73,0.95,0.16,68.0,0.42,68.0,0.92,Happy/Excited
pop,64.0,265986.0,89.1,11.0,1.0,0.48,0.38,0.4,0.79,0.73,0.93,0.19,43.0,0.67,43.0,0.89,Tired/Sad
j-pop,53.0,249426.0,123.05,0.0,0.0,0.64,0.37,0.43,0.5,0.74,0.95,0.19,54.0,0.49,54.0,0.92,Happy/Excited
j-pop,49.0,278360.0,152.0,2.0,1.0,0.51,0.35,0.5,0.78,0.74,0.96,0.17,65.0,0.39,65.0,0.95,Happy/Excited
,56.0,,129.2,1.0,0.0,0.58,0.36,0.55,0.5,0.75,0.95,0.22,33.0,0.46,33.0,0.92,Happy/Excited
j-pop,55.0,266533.0,156.61,7.0,1.0,0.59,0.36,0.43,0.8,0.74,0.95,0.17,75.0,0.38,75.0,0.93,Happy/Excited
reggae,55.0,290426.0,123.05,0.0,0.0,0.68,0.35,0.48,0.5,0.74,0.94,0.21,61.0,0.49,61.0,0.94,Happy/Excited
,54.0,,152.0,3.0,1.0,0.52,0.34,0.5,0.81,0.76,0.93,0.24,75.0,0.39,75.0,0.96,Relax/Chill
anime,41.0,301200.0,103.36,4.0,1.0,0.53,0.32,0.44,0.79,0.75,0.96,0.27,47.0,0.58,47.0,0.85,Relax/Chill
,37.0,,105.47,0.0,1.0,0.49,0.33,0.45,0.75,0.74,0.96,0.2,51.0,0.57,51.0,0.97,Happy/Excited
,32.0,,172.27,9.0,1.0,0.65,0.34,0.48,0.77,0.73,0.95,0.18,82.0,0.35,82.0,0.95,Happy/Excited
,47.0,,123.05,7.0,1.0,0.67,0.35,0.41,0.79,0.75,0.96,0.23,59.0,0.49,59.0,0.9,Happy/Excited
,78.0,,120.19,3.0,0.0,0.54,0.33,0.49,0.48,0.75,0.96,0.24,43.0,0.5,43.0,0.97,Relax/Chill
indie pop,70.0,305000.0,156.61,2.0,1.0,0.63,0.35,0.46,0.8,0.75,0.95,0.27,78.0,0.38,78.0,0.93,Happy/Excited
indie pop,66.0,238000.0,172.27,9.0,1.0,0.56,0.31,0.49,0.76,0.77,0.96,0.29,83.0,0.35,83.0,0.95,Happy/Excited
,54.0,,152.0,3.0,1.0,0.59,0.36,0.45,0.8,0.75,0.95,0.22,72.0,0.39,72.0,0.92,Relax/Chill
,46.0,,147.66,6.0,1.0,0.61,0.34,0.53,0.8,0.75,0.96,0.22,64.0,0.41,64.0,0.94,Happy/Excited
,47.0,,139.67,3.0,0.0,0.64,0.38,0.47,0.5,0.75,0.95,0.13,65.0,0.43,65.0,0.93,Happy/Excited
,57.0,,152.0,7.0,1.0,0.56,0.35,0.53,0.8,0.75,0.96,0.22,64.0,0.39,64.0,0.93,Happy/Excited
,47.0,,152.0,5.0,0.0,0.59,0.35,0.51,0.51,0.75,0.93,0.26,72.0,0.39,72.0,0.98,Relax/Chill
,42.0,,109.96,8.0,0.0,0.65,0.37,0.43,0.49,0.74,0.94,0.19,53.0,0.55,53.0,0.9,Happy/Excited
rock,76.0,237586.0,136.0,11.0,1.0,0.55,0.37,0.44,0.8,0.73,0.96,0.15,63.0,0.44,63.0,0.93,Relax/Chill
rock,60.0,277000.0,152.0,7.0,1.0,0.55,0.36,0.47,0.8,0.74,0.96,0.18,72.0,0.39,72.0,0.96,Relax/Chill
rock,71.0,248946.0,117.45,9.0,0.0,0.51,0.4,0.38,0.5,0.74,0.92,0.14,58.0,0.51,58.0,0.9,Relax/Chill
rock,60.0,282626.0,95.7,7.0,1.0,0.54,0.38,0.42,0.79,0.74,0.94,0.14,46.0,0.63,46.0,0.94,Happy/Excited
rock,56.0,234093.0,126.05,10.0,0.0,0.5,0.38,0.42,0.5,0.73,0.95,0.15,64.0,0.48,64.0,0.89,Happy/Excited
rock,58.0,251213.0,95.7,0.0,0.0,0.51,0.37,0.5,0.49,0.75,0.93,0.18,1.0,0.63,1.0,0.0,Happy/Excited
,46.0,,97.51,10.0,0.0,0.65,0.35,0.38,0.49,0.76,0.95,0.24,45.0,0.62,45.0,0.88,Relax/Chill
,54.0,,152.0,3.0,1.0,0.59,0.36,0.45,0.8,0.75,0.95,0.22,72.0,0.39,72.0,0.92,Happy/Excited
,46.0,,147.66,6.0,1.0,0.61,0.34,0.53,0.8,0.75,0.96,0.22,64.0,0.41,64.0,0.94,Happy/Excited
,47.0,,139.67,3.0,0.0,0.64,0.38,0.47,0.5,0.75,0.95,0.13,65.0,0.43,65.0,0.93,Happy/Excited
,57.0,,152.0,7.0,1.0,0.56,0.35,0.53,0.8,0.75,0.96,0.22,64.0,0.39,64.0,0.93,Happy/Excited
,47.0,,152.0,5.0,0.0,0.59,0.35,0.51,0.51,0.75,0.93,0.26,72.0,0.39,72.0,0.98,Relax/Chill
,42.0,,109.96,8.0,0.0,0.65,0.37,0.43,0.49,0.74,0.94,0.19,53.0,0.55,53.0,0.9,Happy/Excited
rock,76.0,237586.0,136.0,11.0,1.0,0.55,0.37,0.44,0.8,0.73,0.96,0.15,63.0,0.44,63.0,0.93,Happy/Excited
rock,60.0,277000.0,152.0,7.0,1.0,0.55,0.36,0.47,0.8,0.74,0.96,0.18,72.0,0.39,72.0,0.96,Relax/Chill
rock,71.0,248946.0,117.45,9.0,0.0,0.51,0.4,0.38,0.5,0.74,0.92,0.14,58.0,0.51,58.0,0.9,Happy/Excited
rock,60.0,282626.0,95.7,7.0,1.0,0.54,0.38,0.42,0.79,0.74,0.94,0.14,46.0,0.63,46.0,0.94,Relax/Chill
rock,56.0,234093.0,126.05,10.0,0.0,0.5,0.38,0.42,0.5,0.73,0.95,0.15,64.0,0.48,64.0,0.89,Happy/Excited
rock,58.0,251213.0,95.7,0.0,0.0,0.51,0.37,0.5,0.49,0.75,0.93,0.18,1.0,0.63,1.0,0.0,Happy/Excited
,46.0,,97.51,10.0,0.0,0.65,0.35,0.38,0.49,0.76,0.95,0.24,45.0,0.62,45.0,0.88,Happy/Excited
rock,58.0,251213.0,95.7,0.0,0.0,0.51,0.37,0.5,0.49,0.75,0.93,0.18,1.0,0.63,1.0,0.0,Happy/Excited
,46.0,,97.51,10.0,0.0,0.65,0.35,0.38,0.49,0.76,0.95,0.24,45.0,0.62,45.0,0.88,Happy/Excited
